community_id,community_name,founded_date,founded_date_approximate,founded_date_alternate,founded_century_id,existed_by_century_id
1,Monastery,,0,,,
2,Stupa,,0,,,
3,Temple,,0,,,
4,Clans,,0,,,
5,Nyingma,,0,,,
6,Marpa Kagyu,,0,,,
7,Sakya,,0,,,
8,Geluk,,0,,,
9,Katok,1159,0,,,
10,Mindroling,1676,0,,,
11,Dorje Drak,1632,0,,,
12,Dzogchen Monastery,1685,0,,,
13,Shechen,1734,0,,,
14,Pelyul Monastery,1665,0,,,
15,Sekhar Gutok,,0,,,
17,Tselpa,,0,,,
18,Karma Kagyu,,0,,,
19,Pakdru,,0,,,
20,Drigung Kagyu,,0,,,
21,Zhung Treuzhing,1150,0,,,
22,Drukpa,,0,,,
23,Martsang Kagyu,,0,,,
28,Yelpa,,0,,,
32,Ngor Ewaṃ Choden,1429,0,,,
33,Dar Drangmoche,,0,,,
34,Dzongpa,,0,,,
35,Zhalu,1027,0,,,
36,Ganden,1409,0,,,
37,Sera Monastery,1419,0,,,
38,Drepung Monastery,1416,0,,,
39,Tashilhunpo,1447,0,,,
40,Kumbum Jampa Ling,1560,0,,,
41,Labrang Tashikhyil,1709,0,,,
42,Institution,,0,,,
43,Adzom Gar,1842,0,,,
44,Nyoshul Jonpalung Monastery,1910,0,,,
45,Zha Lhakhang,798,0,,,
46,Che,,0,,,
47,Bochung,,0,,,
48,Dodrubchen Monastery,1850,1,,,
49,Nub,,0,,,
51,Dawa,,0,,,
52,Dratang,1081,0,,,
53,Lasum,,0,,,
54,Dre,,0,,,
55,Getse,,0,,,
56,Menge,,0,,,
57,Ngenlam,,0,,,
58,Wodren,,0,,,
59,Neten Monastery,1858,0,,,
60,Tsike,,0,,73,
61,Kadam,,0,,,
62,Nartang,1153,0,,,
63,Daklha Gampo,1121,0,,,
64,Densatil,1158,0,,,
65,Shupu,,0,,,
66,Ngok,,0,,,
67,Tropu Monastery,1212,0,,,
68,Tsel Gungtang,1175,0,,,
69,Drenka,,0,,,
70,Barom Gon,1160,0,,,
71,Lingtsang,,0,,,
72,Lingme,,0,,,
73,Napu Monastery,,0,,45,
74,Zi,,0,,,
75,Lhachuk,1193,0,,,
76,Jupu Monastery,1187,0,,,
77,Lomi,,0,,,
78,Rokam,1183,0,,,
79,Gazi,,0,,,
80,Taklung Monastery,1180,0,,,
81,Kyura,,0,,,
82,Drigung Til,1179,0,,,
83,Gyer,,0,,,
84,Khangsar,,0,,,
85,Shukseb,1181,0,,,
86,Gya,,0,,,
87,Ralung Monastery,1180,0,,,
88,Jonang,,0,,,
90,Jonang Monastery,1294,0,,,
91,Sangpu Neutok,1072,0,,,
92,Nyetang Drolma Lhakang,1055,0,,,
93,Tsechen,1366,0,,,
94,Sharkhapa,,0,,,
95,Tsurpu Monastery,1189,0,,,
96,Drakram,,0,,,
97,Gharung,,0,,53,
98,Palung,,0,,,
101,Pokhang,1213,0,,,
102,Pelkhor Chode,1418,0,,,
105,Serdokchen,1475,0,,,
106,Chokhor Tse,,0,,,
107,Tupten Dargye Ling,,0,,,
108,Puntsok Samten Ling,,0,,,
109,Changlung Choding,,0,,,
110,Takten Puntsok Ling,1615,0,,,
112,Chubzang,,0,,59,
114,Kyangdur,,0,,,
115,Chung Riwoche,1386,0,,,
116,Mending,,0,,61,
117,Menchu,,0,,41,
119,Cholung Jangtse,,0,,,
120,Nenying,,0,,29,
121,Tolung Namgyel,,0,,,
122,Sabzang Ganden,,0,,,
124,Pelteng,,0,,,
126,Tselmin,,0,,,
127,Lhagang,,0,,25,
128,Nalendra Monastery,1436,0,,,
129,Lhatel Rinchen Ling,,0,,49,
130,Yabzang Monastery,1206,0,,,
131,Dong,,0,,,
132,Kodrak Hermitage,,0,,49,
134,Choding Monastery,1215,0,,,
135,Rinchen Ling,1481,0,,,
136,Jangchen,1579,0,,,
137,Litang Chokhor Ling,1580,0,,,
140,Ngari Dratsang,1541,0,,,
141,Kharchu Monastery,,0,,,
143,Tangkya Lhakhang,,0,,29,
145,Druk Monastery,,0,,,49
146,Uri Monastery,,0,,,
147,Chungpa,,0,,,
148,Lonang,,0,,,
149,Gotsang Hermitage,,0,,,
150,Powo Samling,,0,,,
151,Parpu Monastery,,0,,45,
152,Ngen,,0,,,
153,Kyi,,0,,,
154,Kharak,1181,0,,,
156,Gonlung Jampa Ling,1604,0,,,
157,Shar Yelpuk,1171,0,,,
158,Jang Tana,1068,0,,,
159,Dodzong,1192,0,,,
160,Sho Monastery,1167,0,,,
161,Janak,,0,,,
162,Kharchen,,0,,,
163,Nanam,,0,,,
164,Zhang,,0,,,
165,Samye,779,0,,,
166,Drokmi,,0,,,
168,Nyak,,0,,,
169,Nyang,,0,,,
171,Ma,,0,,,
172,Swayambhunath,,0,,17,
173,Boudhanath,,0,,,
174,Zurmang Dutsitil,,0,,57,
176,Go (sgo),,0,,,
178,Tarlam,1436,0,,,
179,Dezhung Monastery,,0,,73,
180,Dzongsar,1253,0,,,
181,Longtang Drolma Lhakhang,638,0,,,
183,Rong Ngurmik,,0,,41,
184,Khon,,0,,,
185,Wensa Monastery,,0,,57,
186,Chokhor Uding,,0,,,
187,Lharitse,,0,,,
188,Garmo Chodzong,,0,,,
189,Lekdrub Dratsang,,0,,,
190,Gyume Dratsang,1721,0,,,
191,Riwo Gepel,,0,,,
192,Gangchen Chopel,,0,,57,
193,Samdrub Ling,,0,,,
195,Tangpoche,1017,0,,,
196,Shangpa Kagyu,,0,,,
197,Zhangzhung Dorjeden,1021,0,,,
198,Chekar Chode,,0,,61,
199,Langtang,,0,,41,
200,Khyungpo,1061,0,,,
201,Gyu,,0,,51,
203,Zira,,0,,,
204,Darnga Hermitage,,0,,,
205,Rashuk,,0,,,
206,Dzamtang,1425,0,,,
207,Lhundrubteng,,0,,57,
208,Tsechu Monastery,1462,0,,,
209,Choje Monastery,1425,0,,,
210,Tsangwa Monastery,1717,0,,,
211,Chakgong,,0,,,
212,Old Ditsa,1393,0,,,
214,Ba Monastery,,0,,,
215,Karma Gon,1147,0,,,
216,Gyel Lhakhang,1012,0,,,
217,Dakpo Draka,,0,,,
218,Riwoche Monastery,1276,0,,,
219,Riwoche Yanggon,,0,,,
220,Gar Ratsang,,0,,,
222,Se,,0,,,
224,Poto,,0,,41,
225,Rechung Puk,,0,,,
226,Puchung,,0,,45,
227,Gyachak Ri,,0,,,
228,Sewalung,1450,0,,,
229,Zur Ukpalung,,0,,41,
230,Zur,,0,,,
231,Dechen Teng,,0,,54,
232,Hemis,,0,,41,
233,Hanle,,0,,65,
234,Chemrey,1640,1,,,
235,Chukyer Gonsar,,0,,,
236,Tsunmo Tsel,1420,0,,,
237,Chamdo Jampa Ling,1444,0,,,
238,Drom,,0,,,
239,Ja,,0,,,
240,Bon,,0,,,
241,Patsang Gon Yungdrung Rabten Ling,1847,0,,,
242,Lupuk Gonpa,1626,0,,,
243,Lungkar,1785,0,,,
244,Menri,1404,0,,,
245,Yeru Wensakha,1072,0,,,
246,Joden Gendungang,,0,,41,
247,Pelme Tekchen Evam Gatsel Ling,1640,0,,,
248,Nangchen Gar,,0,,,
249,Lingga Dewachen,1437,0,,,
250,Musu Yama Monastery,1459,0,,,
251,Dingma Monastery,,0,,41,
252,Yu,,0,,,
253,Pelri Tekchen Ling,,0,,61,
254,Tseringjong,1762,0,,,
255,Driru Gon,1440,0,,,
256,Den Chokhor,,0,,,
259,Sinmo Dzong,,0,,,
263,Khyungpak Tsang,,0,,49,
264,Dro,,0,,,
265,Zhertsa Chode,,0,,,
266,Dargye Monastery,1642,0,,,
267,Potima,1536,0,,,
269,Tanak Serling,1466,0,,,
270,Tanak Tubten Namgyel,1473,0,,,
271,Japuk Dongak Dargye Ling,1469,0,,,
272,Sakya Drakshar,,0,,,
273,Shey,,0,,65,
274,Azha Yarpung,1829,0,,,
275,Dreyul Kyetsel,1449,0,,,
276,Nyenyo Jagoshong,1490,0,,,
277,Chokhor Lhunpo,,0,,,
278,Tashi Pende,,0,,,
279,Demola Monastery,,0,,57,
280,Chakra,1125,0,,,
281,Dak,,0,,,
282,Pewar,,0,,49,
284,Tsedong,1489,0,,,
285,Tashi Cholung,,0,,57,
286,Lho Chotritang,,0,,57,
287,Tseten,1623,0,,,
288,Tak Monastery,,0,,,
289,Tuwa,1640,0,,,
290,Dentik,911,0,,,
291,Neuzur,,0,,45,
292,Tolung Takma,,0,,,
293,Lhodrak Drowa Gon,,0,,,
294,Purbuchok,,0,,45,
295,Ngulchu Hermitage,,0,,53,
296,Sekya Tashi Gepel Ling,,0,,73,
297,Sang Ngak Tekchen Choling,,0,,,
298,Dakpo Dratsang,,0,,59,
305,Rato,1205,0,,,
306,Nyetang Longdol Hermitage,,0,,45,
307,Cheri Monastery,1619,0,,,
308,Tango,,0,,49,
309,Bangri Jokpo,,0,,,
310,Dar Chode,,0,,,
311,Ladring Chode,,0,,,
312,Nyima Tang Monastery,,0,,25,
314,Khardo Hermitage,1706,0,,,
315,Ganden Jangtse College,,0,,,
316,Gyuto Dratsang,1474,0,1475,,
317,Takpu Chode,,0,,,
318,Meldro Chakar Gon,,0,,,
319,Ganden Shartse College,,0,,,
321,Rakadrak Hermitage,,0,,65,
322,Sera Utse,1705,0,,,
323,Drula,,1,,57,
324,Taktse Rinchen Gang,1119,0,,,
325,Kyormolung,,0,,45,
326,Drakwar Monastery,,0,,61,
327,Reting Monastery,1057,0,,,
331,Nenang,1333,0,,,
333,Ngamring Chode,,0,,49,
334,Riwo Dechen,,0,,57,
335,Rinchen Drak,,0,,,
338,Tetung Monastery,1619,0,,,
339,Tangring Monastery,1619,0,,,
340,Amdo Chubzang Monastery,1649,0,,,
342,Drepung Gomang Dratsang,,0,,53,
343,Dechen Sangngak Khar,1419,0,,,
344,Tashilhunpo Shartse Dratsang,,0,,,
345,Ganden Rinchen Ling,,0,,69,
346,Pari Tashi Choling,,0,,65,
347,Serlung Monastery,,0,,,
348,Sera Je,,0,,57,
349,Sera Me,1419,0,,,
350,Dromda Monastery,,0,,,
351,Dab Yangteng Monastery,,0,,,65
352,Toling Monastery,996,0,,,
353,To Jayul Monastery,,0,,,
354,Chone Ganden Shedrub Ling,1269,0,,,
355,Drepung Loseling College,,0,,,
356,Genden Chopeling,,0,,65,
357,Pakmo Chode,,0,,57,
358,Jakhyung Monastery,1349,0,,,
359,Rablo,,0,,,
360,Tsador Monastery,1260,0,,,
361,Shitsang Gonsar,1839,0,,,
362,Ngulra Monastery,,0,,,
363,Ganden Shedrub Pekar Drolwai Ling,1748,0,,,
364,Tso Gon Ganden Choling,1650,0,,,
365,Mokru Ganden Jampeling,1720,0,,,
367,Muge Tashikhorlo,1397,0,,,
368,Ngawa Gomang,1791,0,,,
369,Gyeltang Sungtseling,,0,,65,
370,Evaṃ Monastery,1359,0,,,
371,Petseling Jangchub Pelri Monastery,1769,0,,,
372,Dobi Ganden Pelgye Ling,,0,,49,
373,Drotsang,1392,0,,,
374,Rongwo Monastery,1301,0,,,
375,Ditsa Tashi Choding,1903,0,,,
376,Wangdue Phodrang Dzong,1638,0,,,
377,Talang,,0,,,
378,Tubten Jago Pungpo,1749,0,,,
380,Talo Sangngak Choling,,0,,,
381,Chitokha Puntsok Rabten Ling,,0,,,
382,Gangteng Monastery,1613,0,,,
383,Trakar Lhakhang,,0,,,
384,Paro Lateng Monastery,,0,,,
385,Tsamdrak Monastery,,0,,,69
386,Dodedrak Monastery,,0,,,
387,Tashichoedzong,1216,0,,,
388,Lhundrub Deyang,,0,,,
389,Gongto Sergyi Lhakhang,,0,,61,
390,Lhadzong Tashigang,1767,0,,,
392,Gorina Kunang Osel Ling,,0,,73,
393,Kyichu Lhakhang,,0,,25,
395,Sechang,,0,,,
396,Shel Monastery,1630,0,,,
397,Dzoge Monastery,1798,0,,,
398,Bido Gonchen,1402,0,,,
399,Geting Ganden Choling,,0,,,
400,Tamshing Lhakhang,1501,0,,,
401,Lamo Dechen,1682,0,,,
402,Taktsang Rawato,,0,,,
403,Shardzong,,0,,,
404,Drugu,1622,0,,,
405,Punakha Dzong,1637,0,,,
406,Trongsa Dzong,1543,0,,,
407,Karchen,1340,0,,,
408,Jamyang Mawai Sengge Ling,1823,0,,,
409,Gyakhar,1424,0,,,
410,Urge Dratsang Sangngak Mingye Ling,,0,,,
411,Tongkhor Tashilhunpo,,0,,61,
412,Derge Parkhang,1729,0,,,
413,Kīrti,1412,0,,,
415,Pajoding,,0,,49,
416,Luchung Taktsang Gon,1688,0,,,
417,Drangjekha,,0,,,
418,Sang Chokhor,,0,,69,
419,Tasho Pomdrak,,0,,,
420,Yangri Gar,,0,,,
421,Getse Dralek,,0,,69,
422,Gemang,1684,0,,,
423,Pabongkha Hermitage,,0,,,25
424,E Rigo Chode,,0,,,61
425,Lhetag Monastery,,0,,,
426,Chakri Nyidrak Monastery,1703,0,,,
427,Takmogang Kelzang Puntsok Ling,1693,0,,,
430,Rakchab Sengri Dorje Yudzong,,0,,,
432,Gyarong Takten Nampar Gyelwai Ling,1742,0,,,
434,Magur Namgyel Ling,1646,0,,,
435,Chekha,1141,0,1142,,
437,Kangtsa Ganden Chopel Ling,1915,0,,,
438,Welshul,,0,,,
439,Śrī Siṃha College,1848,0,,,
440,Tongkhor Ganden Chokhor Ling,1648,0,,,
441,Chorten Tang Tashi Dargye Ling,1647,0,,,
442,Chunak Tashi Choling,1766,0,,,
443,Chakpori,1150,0,,,
444,Gegong,,0,,65,
445,Khamshe Dargye Ling,1918,0,,,
446,Nyang Tarpa Ling,,0,,53,
447,Langna,1276,0,,,
448,Drango,,0,,,
449,Chagdud Orgyen Ling,1291,0,,,
450,Kelzang Sanggye Choling Monastery,1860,0,,,
451,Sangngak Dechen Ling,,0,,61,
452,Tsogyel Jomo,1866,0,,,
453,Tubten Gepel,1550,0,,,
454,Ganden Tashi Choling,,0,,77,
455,Pel Nyenmo Ri Namgyel,1919,0,,,
458,Trotsik,,0,,,
459,Khagya Me Monastery,,0,,,
460,Lingmo,,0,,,
461,Drakkar Gyelmo,,0,,,
463,Yi,,0,,,
464,Tsang Dondrub Rabten Ling,1765,0,,,
465,Gangya Drakkar Gon,1644,0,,,
466,Chokhor Gyel,1509,0,,,
467,Tsagen Peshing,,0,,,
468,Ragya Ganden Tashi Jungne,1769,0,,,
469,Sershul,1760,0,,,
470,Jumohor Sangngak Choling,,0,,,
471,Junyung Hermitage,,0,,,
472,Pelpung,1727,0,,,
473,Kaṁpo Nenang,1164,0,,,
474,Ngagar Jangchub Ling,,0,,53,
475,Oso,,0,,,
476,Gartar,,0,,69,
479,Terlung Yiga Chodzin Ling,1725,0,,,
480,Amchok Monastery,1760,0,,,
481,Gartse Tubten Chokhor Ling,,0,,,
482,Martang Obten,,0,,73,
484,Kīrti Namgyel Dechen Ling,1748,0,,,
485,Tsetang,1350,0,,,
486,Sangsang Dungkar,,0,,,
487,Lhogyu Sera,,0,,,
488,Wangda,,0,,,
489,Denang Monastery,,0,,,
490,Tongkyab,,0,,,
491,Dori Hermitage,,0,,,
492,Lhundrub Dzong,,0,,,
493,Yugu Tongtse,,0,,,
494,Wenne Tashikhyil,,0,,,
495,Wenne Samdrub Deden Ling,,0,,,
496,Dedzom Gatsel,1666,0,,,
497,Dzongkar Monastery,1683,0,,,
498,Takdo,,0,,,
499,Dopuk,1865,0,,,
500,Tsikyang,,0,,68,
501,Angang,,0,,,
502,Chorten Kyak,,0,,,
503,Namkyak Monastery,,0,,65,
504,Karing Tashi Dargye Ling,1683,0,,,
505,Rongwo Tashikhyil,,0,,,
507,Tsagyel,,0,,,
508,Tashi Chokhor Ling,1984,0,,,
509,Gome Oseltang,,0,,77,
510,Nakchung Ritro,,0,,,
511,Ga Nyide,,0,,,
512,Jyekundo Dondrub Ling,1398,0,,,
513,Tum,,0,,,
514,Se Trabzang,1366,0,,,
515,Sang Ngak Tekchokling,,0,,61,
516,Guru Pema Evaṁ Chokgar,,0,,61,
517,Tashi Samten Ling,1822,0,,,
518,Jazi,1866,0,,,
519,Tromge Gon,1275,0,,,
520,Horkor Gon,1927,0,,,
522,Gegyel Dzogchen,,0,,,
523,Monkhar Namseling,,0,,,
524,Yangcho Sangcho Pema Lhunding,,0,,,
525,Nubzur Gon,1484,0,,,
526,Changma Gar,,0,,77,
527,Larung Gar,1880,0,,,
529,Lhalung Gon,,0,,25,
530,Ganden Mipam Choling,,0,,,
531,Tashilung,,0,,,
532,Tsenpo Gon,1650,0,,,
533,Martsang Drak Gon,,0,,37,
534,Serkyi Gyelgo,,0,,,
535,Pasho Gon,1473,0,,,
536,Kundeling,1794,0,,,
537,Lampar Monastery,,0,,,
538,Nyel Drewule Gon,,0,,53,
539,Tatsak Lhundrub Dechen,,0,,57,
540,Ganden Shedrub Ling,1643,0,,,
543,Drepung Zurkhang,,0,,,
544,Gingtang Gon,,0,,,
546,Zhe Dratsang,,0,,57,
547,Khanon Gon,1257,0,,,
548,Kyo,,0,,,
549,Ram,,0,,,
550,Zeu,,0,,,
551,Gyere,,0,,57,
553,Mawochok,1150,0,,,
554,Guru Lhakhang,,0,,,
556,Dregon Sar,,0,,,
557,Rikhud Monastery,1240,0,,,
559,Dekyi Ling,,0,,70,
560,Porong Pelmo Choding Monastery,,0,,53,
561,Shelkar Chode,1385,0,,,
563,Chakzam Chuwori,,0,,,
564,Samding Monastery,,0,,45,
565,Yama Tashikhyil,,0,,,
566,Yonghegong,1744,0,,,
567,Dartang Monastery,1882,0,,,
568,Dzongchung,,0,,,
569,Dongtre Samten Ling,,0,,,
570,Ra,,0,,,
571,Alo Peljor Gang,,0,,,
572,Sera Choding,,0,,,53
573,Segyu Dratsang,1432,0,,,
574,Lhunpo Tse,1432,0,,,
575,Jangchen,,0,,,
576,Lhadong Gon,,0,,,
577,Tong,,0,,,
578,Yudra,,0,,,
579,Naktso,,0,,,
580,Yungok,,0,,,
582,Namseling,,0,,,
585,Senmo,,0,,65,
586,Tolung Yangwen Pelgon,,0,,65,
587,Drakkar Gepel Ling,,0,,,
588,Wangda,1493,0,,,
590,Chakar Monastery,1121,0,,,
591,Samling Monastery,,0,,49,
592,Ba,,0,,,
595,Yanggon,,0,,,
596,Pel Zangden,,0,,53,
597,Chukha Monastery,,0,,53,
598,Adro,,0,,,
599,Yangpachen,1503,0,,,
600,Arik,,0,,,
601,Ban,,0,,,
602,Azha,,0,,,
603,Sakya Monastery,1073,0,,,
604,Ber,,0,,,
605,Chakhung,,0,,,
606,Depa Tonpo,,0,,,
607,Dru ('dru),,0,,,
608,Shar,,0,,,
609,Gung,,0,,,
611,Bodong,,0,,,
612,Bodong E,1049,0,,,
614,Akyong,,0,,,
615,Gongkar Chode,1447,0,,,
616,Yarlung Namgyel,,0,,,
617,Yarlung Samten Ling,,0,,,
618,Sekharchung,1064,0,,,
619,Dra,,0,,,
620,Wangyak,,0,,,
621,Golok Getse,1880,0,,,
622,Dzeng,,0,,,
623,Ga (rgwa),,0,,,
624,Gurib,,0,,,
625,Kyasu,,0,,,
626,Lang,,0,,,
627,Len,,0,,,
628,Meu,,0,,,
629,Me,,0,,,
630,Mukpo,,0,,,
634,Ngulchu,,0,,,
635,Nyakshul,,0,,,
636,Nyo,,0,,,
639,Rakar Khyungpo,,0,,,
640,Rok,,0,,,
642,Tati Zhamar,,0,,,
643,Trokho Numai Pelshul,,0,,,
644,Tukwan,,0,,,
645,Zhak,,0,,,
646,Tonmi,,0,,,
647,Ju,,0,,,
649,Begu,,0,,,
650,Khyungpo Tengchen,1061,0,,,
651,Sanam,,0,,,
653,Shingkhamga,,0,,,
655,Sumpa,,0,,,
656,Pugyel,,0,,,
657,Ripuk Hermitage,,0,,41,
658,Denma,,0,,,
659,Cho,,0,,,
664,Go ('gos),,0,,,
665,Lhalung,,0,,,
666,Chim,,0,,,
667,Mu,,0,,,
670,Zhiwatsang,,0,,,
671,Doring,,0,,,
672,Trandruk,,0,,25,
673,Khangsar,1640,0,,,
674,Kyuchok,,0,,,
675,Gar,,0,,,
676,Zamtsa Ngorang,,0,,,
677,Pakpatsang,,0,,,
678,Gyamo,,0,,,
679,Gyu Monastery,,0,,49,
680,Ngupa,,0,,,
681,Tseu Jamshul,,0,,,
682,Tsedong Monastery,1489,0,,,
683,Bitsa,,0,,,
685,Gyangkhar,,0,,,
687,Pulung Rinchen Ling,1260,0,,,
688,Namdroling,1963,0,,,
689,Lhasa Aristocracy,,0,,,
691,Yabzhi Sampo,,0,,,
692,Royalty,,0,,,
693,Rulers of Derge,,0,,,
694,Government Officers,,0,,,
695,Kalon,,0,,,
696,Tsimda Monastery,1925,0,,,
697,Nyenlung,1797,0,,,
698,Apang,,0,,,
699,Zhuchen Monastery,,0,,,
700,Simda Dzogchen Monastery,1678,0,,,
701,Phyang,,0,,65,
702,Zurmang Namgyeltse,,0,,,
703,Kham Kyogon,,0,,49,
704,Tashi Gang,,0,,,
705,Sharkyo Ganden Monastery,,0,,53,
707,Lho Ganden Monastery,,0,,,
710,Zhije and Chod,,0,,,
711,Dingri Langkhor,1097,0,,,
713,Nyedo Monastery,,0,,45,
714,Ngoje,,0,,,
716,Drakkar Treldzong Monastery,1923,0,,,
717,Pabongkha Labrang,,0,,77,
718,Amchok Tsenyi,1823,0,,,
719,Tabo,996,0,,,
720,Khampa Gar,,0,,69,
721,Yeta Lungkar,1715,0,,,
722,Meru Nyingpa,,0,,33,
723,Tengyeling,1762,0,,,
724,Tsemonling,,0,,69,
727,Manor,,0,,,
728,Surkhang Manor House,,0,,73,
729,Horkhang Manor House,1956,0,,,
803,Lay Administrators,,0,,,
804,Ganden Jangchub Chopel Ling,,0,,,
805,Arik Gonchen,,0,,65,
806,Shadzong Ritro,,0,,41,
807,Trangu,,0,,45,
808,Rigyel,1360,0,,,
809,Chatreng Sampel Ling,,0,,65,
810,Batang Chode,1659,0,,,
811,Khoting Lhakhang,,0,,25,
812,Semnyi,1540,0,,,
813,Shopamdo,,0,,,
814,Pelbar,,0,,49,
815,Jampa Bumling,,0,,61,
816,Muktinath,,0,,,
818,Khacho Monastery,,0,,,
819,Zhigon Hermitage,1377,0,,,
820,Drangti,,0,,,
821,Lamayuru,,0,,,
822,Terdrom,,0,,,
823,Gadong,,0,,41,
824,Changra,,0,,41,
825,Mugulung,,0,,,
826,Nyingon,,0,,,
827,Chushur Tarpa Ling,,0,,65,
828,Layak Guru Lhakhang,,0,,49,
829,Dzingchi,,0,,37,
830,Je Khenpo,,0,,,
831,Taklung Ganden Damcho Ling,,0,,65,
833,Misc,,0,,,
834,Kharta Tarpa Ling,,0,,41,
835,Gonsar,,0,,,
837,Gyelje,1054,0,,,
838,Drongtse,1442,0,,,
839,Rong Jamchen,1367,0,,,
840,Wolkha Cholung,1393,0,,,
841,Drakri Hermitage,1416,0,,,
842,Gepel Hermitage,,0,,,62
843,Kyitopa Manor House,,0,,,
844,Pangdatsang Manor House,,0,,77,
845,Sampho Manor house,,0,,65,
846,Punkhang Manor House,1843,0,,,
847,Changlochen Manor House,,0,,,
848,Palha Manor House,,0,,77,
849,Namseling Manor House,1920,0,,,
850,Shakabpa Manor House,1926,0,,,
851,Tethong Manor House,1912,0,,,
852,Doring Manor House,,0,,,
853,Tsarong Manor House,1926,0,,,
855,Yuthok Manor House,,0,,,
857,Lhalu Podrang,,0,,77,
858,Dechen Rabten Manor House,,0,,,
859,Ganden Tripa,,0,,,
860,Keutsang West Hermitage,,0,,45,
861,Yungdrung Ling,1834,0,,,
862,Drak Yerpa,,0,,,
863,Drak Yongdzong,,0,,,
865,Banak Zhol Gyelkhang,,0,,61,
866,Barkor Jampa Lhakhang,,0,,57,
867,Barkor Mani Lhakhang,,0,,69,
868,Barkor Mani Lhakhang Shar,1948,0,,,
869,Karchung Monastery,,0,,33,
870,Taktser,1940,1,,,
871,Drib Tsechokling,,0,,69,
872,Palden Lhamo Shrine,,0,,25,
873,Gesar Lhakhang,1792,0,,,
874,Jebumgang Lhakhang,,0,,73,
875,Karmashak Tsenkhang,,0,,57,
877,Lhasa Tsuklakhang,,0,,25,
878,Lukhang,,0,,69,
879,Lingtsang Labrang,1938,0,,,
880,Meru Dratsang,,0,,41,
881,Tsokha Monastery,,0,,,
882,Trijang Labrang,,0,,77,
883,Kunsangtse,,0,,77,
884,Demo Labrang,,0,,77,
885,Government Building,,0,,,
886,Palace,,0,,,
887,Armory,,0,,65,
888,Treasury,1850,1,,,
889,Shol Printery,1690,1,,,
890,Shol Office,,0,,69,
892,Namgyel,,0,,61,
893,Nechung,,0,,45,
894,Northern Rigsum Gonpo Lhakhang,,0,,25,
895,South-Eastern Rigsum Gonpo Shrine,,0,,29,
896,South-Western Rigsum Gonpo Lhakhang,,0,,29,
897,Southern Rigsum Gonpo Lhakhang,,0,,25,
898,Rabsel Tsenkhang,,0,,73,
899,Ramoche,,0,,25,
900,Shide Dratsang,,0,,69,
902,Shatra,,0,,,
903,Tromsikhang,,0,,65,
904,Nangtseshar,,0,,57,
905,Potala,637,0,,,
906,Norbulingkha,1755,0,,,
907,Sera Ngakpa Dratsang,1419,0,,,
908,Drepung Deyang College,1440,0,,,
909,Drepung Ngakpa Dratsang,1419,0,,,
910,Nyarma,1000,0,,,
911,Darpoling Tsenkhang,1650,0,,,
912,Tsepak Lhakhang,,0,,25,
913,Trode Khangsar,,0,,65,
914,Riwo Choling,,0,,57,
915,Mentsikhang,1916,0,,,
917,Nyimalung Monastery,,0,,77,
918,Taklung,,0,,,
920,Labrang Kālacakra College,1763,0,,,
921,Labrang Medical College,1784,0,,,
922,Labrang Hevajra College,1879,0,,,
923,Mejung Tosam Ling,1709,0,,,
924,Kumbum Tantric College,1649,0,,,
925,Kumbum Medical College,1725,0,,,
926,Kumbum Kālacakra College,1820,0,,,
927,Kumbum Debate College,1612,0,,,
928,Zhitro Lhakhang,1913,0,,,
930,Yabzhi Langdun,,0,,,
931,Yabzhi Punkhang,,0,,,
932,Yabzhi Yuthok,,0,,,
933,Yabzhi Lhalu (earlier),,0,,,
934,Zhitok Labrang,,0,,,
935,Rinchen Gang Labrang,,0,,,
936,Ducho Labrang,,0,,,
937,Lhakhang Labrang,,0,,,
938,Drolma Podrang,,0,,,
939,Puntsok Podrang,,0,,73,
940,Yabzhi Lhalu (later),,0,,,
941,Rongwo Tantric College,1734,0,,,
942,Rongwo Kālacakra College,1773,0,,,
943,Samdrub Gonsar,,0,,,
944,Ngangkyel Chode,,0,,,
945,Legon Chokyi Podrang,,0,,,45
946,Nyakre,,0,,,
947,Ikh Khuree,,0,,65,
949,Tashi Tongmon,,0,,,
950,Hermitage,,0,,,
951,Samye Chimpu,,0,,,
952,Tanak Dorjeden,,0,,,
954,Dzaka,,0,,57,
955,Tsashul,1790,0,,,
956,Ngedongyi Chozhi Gonde,,0,,,
957,Dartsang Kelzang Monastery,,0,,,
958,Gyelteng Monastery,,0,,,
959,Pangsa Monastery,,0,,,
960,Wolkha Samling Monastery,,0,,,
961,Khakyong Drak,,0,,45,
962,Tashi Dokha,1415,0,,,
964,Lekshe Ling,,0,,,
965,Imperial Ministers,,0,,,
966,Gyakong Shedrubtsang,,0,,,
967,Den Atub Tsang,,0,,,
968,Rumtek,,0,,61,
969,Tsongpon,,0,,,
970,Rudam Yangwen Sengdruk Puk,,0,,,
971,Gampo Zanglung,,0,,,
972,Tsur Lhalung,,0,,45,
973,Jadra,,0,,,
974,Tsādra Rinchen Drak,1867,0,,,
975,Dilgo,,0,,,
976,Dzamtang Gepel Hermitage,,0,,73,
977,Yutok Monastery,,0,,,
979,Bora,1757,0,,,
981,Tsongkhapa Lhakhang,,0,,,
982,Tege,1984,0,,,
983,Pari Drigung,1619,0,,,
984,Tashi Chopel Dratsang,1756,0,,,
985,Jakhyung Rito Pendeling,,0,,,
986,Nyangto Sertreng Monastery,,0,,,
987,Kyoda Monastery,,0,,,
988,Serwo,1786,0,,,
989,Dzongsho,1867,0,,,
991,Tsongkhapa Hall,,0,,,
992,Wenne Gurulung,,0,,,
993,Se Kharchung,,0,,,
994,Khacho Deden,,0,,,
995,Kyipuk Deden,,0,,,
996,Bardrok Dorje Ling,,0,,,
997,Bamo Choding,,0,,,
999,Mokpa Lhatse,,0,,,
1000,Zurlung Pelchen Lhakhang,,0,,41,
1001,Nekhar Monastery,,0,,,
1002,Raknyak,1295,0,,,
1004,Rigdzin Rapel Ling,1727,0,,,
1005,Jakrong,,0,,,
1009,Khyungritang,1944,0,,,
1010,Tsopu,,0,,,
1011,Chakdu Nyarong,,0,,,
1012,Nyamyo Jashong Monastery,,0,,,
1013,Garje,1725,0,,,
1014,Katok Drakdong Ritro,,0,,,
1015,Gyelrong Ritro,,0,,,
1016,Litang Nyingma Dratsang,,0,,,
1017,Drugu Gon,,0,,,
1018,Langling Monastery,,0,,,
1019,Wikcho Dzong,,0,,57,
1020,Tashi Choling Hermitage,,0,,,
1021,Chubzang Hermitage (Sera),,0,,65,
1022,Ani Tsemkhung,,0,,,
1023,Driru Drubde,1920,0,,,
1024,Kumbum Printing Press,,0,,69,
1025,Nalatse Nepoche,,0,,,
1029,Vocation,,0,,,
1030,Artists,,0,,,
1031,Translators,,0,,,
1032,Doctors,,0,,,
1033,Rulers of Chone,,0,,,
1034,Tropu Kagyu,,0,,,
1035,Treasure Revealers,,0,,,
1036,Menkhar Pende Ling,,0,,,
1037,Kongpo Chabkar,,0,,,73
1038,Nakdo Monastery,1767,0,,,
1040,Ga (dga'),,0,,,
1041,Banshul,1895,0,,,
1042,Nyegon,,0,,,
1043,Datsen,1924,0,,,
1044,Sengge Shong Mago,,0,,65,
1045,Sengge Shong Yago,1385,0,,,
1046,Rongme Karmo Taktsang,,0,,,
1047,Surkhang,,0,,,
1048,Rulers of Yarlung,,0,,,
1049,Atsagat Datsan,1925,0,,,
1050,Benchok Ritro,,0,,,
1051,Nyima Changra,1918,0,,,
1052,Kalapa,,0,,,
1053,Namkha Dzod,,0,,,
1054,Chepa Darge Gon,,0,,,
1055,Datsan Gunzechoinei,1915,0,,,
1056,Lek Gon,1724,0,,,
1059,Prominent Families,,0,,,
1060,Women,,0,,,
1061,Pangdatsang,,0,,,
1062,Jangling,,0,,,
1063,Sadutshang,,0,,,
1064,Incarnations,,0,,,
1065,Nālandā,,0,,17,
1066,Tharpaling,1352,0,,,
1067,Gyanak Rawa,,0,,,
1068,Chubar Hermitage,,0,,,
1069,Ngodu Monastery,,0,,,
1070,Sera Tekchen Chokhorling,1737,0,,,
1071,Bennak,1824,0,,,
1072,Seula Chokhor Dorjeden,1715,0,,,
1073,Māratika,,0,,45,
1075,Gyari Castle,,0,,,
1076,Lhagyari,,0,,,
1077,Rigo Tashi Chodzong Castle,,0,,,
1078,Kheme,,0,,,
1079,Lake,,0,,,
1080,Mountain,,0,,,
1081,Tso Pema,,0,,,
1082,Yarlha Shampo,,0,,,
1083,Khawa Karpo,,0,,,
1084,Kailash,,0,,,
1085,Tsāri,,0,,,
1086,Amnye Machen,,0,,,
1087,Khapung,1928,0,,,
1088,Trewel Ude,988,0,,,
1089,Dungkar,988,0,,,
1090,Nya,,0,,,
1091,Khyage,1587,0,,,
1092,Sadutshang Manor House,,0,,,
1093,Ongsum,1694,0,,,
1094,Tashi Yanggon,,0,,,
1095,Tosam Norbu Lhunpo,,0,,,
1096,Muksang,,0,,,
1097,Yulkhyong Monastery,,0,,69,
1098,Abbots,,0,,,
1099,Bhutan House,,0,,,
1100,Tashi Gepel Ling,,0,,,
1101,Lotsawa Lhakhang,,0,,,49
1102,Alchi Chokhor,,0,,41,
1103,Likir,1065,0,,,
1104,Yilhung Lhagyel,1767,0,,,
1105,Shukgang Monastery,,0,,65,
1106,Domang Monastery,,0,,,
1107,Tsangda Monastery,,0,,,
1108,Dranggo,,0,,,
1109,Janggang,,0,,,
1110,Rahor,,0,,,37
1111,Tsangme Sengge,1380,0,,,
1112,Sango,1267,0,,,
1113,Kuntsar,,0,,,
1114,Dzigar,,0,,,
1115,Mersho Monastery,,0,,,
1116,Military,,0,,,
1118,Tsibri,,0,,,
1119,Sorik Dropen Ling,,0,,61,
1120,Buchu Lhakhang,,0,,25,
1121,Katsel,,0,,25,
1122,Drampagyang,,0,,25,
1123,Tsangdram,,0,,25,
1124,Traduntse,,0,,25,
1125,Mangyul Jamtrin Lhakhang,,0,,25,
1126,Menlung Trengpachen,1561,0,,,
1128,Sakya Mendrong,,0,,41,
1129,Hospital,,0,,,
1130,Yabzang Kagyu,,0,,,
1131,Zara Monastery,,0,,45,
1132,Tsarong,,0,,,
1133,Kharak Yungdrung Dechen Ling,1017,0,,,
1134,Tsibri Monastery,,0,,,
1135,Barom Kagyu,,0,,,
1136,Jomo Kharak,,0,,,
1137,Draksum Puri,,0,,,
1138,Hangri Drubde,,0,,,
1139,Tsangrong Shardzong Ritro,,0,,,
1140,Wutai Shan,,0,,,
1141,Zhohong,,0,,,
1142,Kokonor,,0,,,
1143,Tosamling College,,0,,,
1144,Drakkar Tashiding,,0,,65,
1145,Paro Taktsang,,0,,,
1147,Menlung Tashi Chopel Ling,,0,,,
1148,Tseuruma Serde,,0,,,
1150,Zungchu Zi,1711,0,,,
1151,Zangri Kangmar,,0,,,41
1152,Chozang Ritro,,0,,,
1153,Serding,,0,,,
1154,Drakteng Monastery,,0,,,
1155,Rulers of Nangchen,,0,,,
1156,Dru ('bru),,0,,,
1157,Dingpoche,1567,0,,,
1158,Bodhgaya,,0,,,
1161,Tsang Chubzang,,0,,,
1162,Tachogang Lhakhang,,0,,57,
1163,Labchi,,0,,,
1164,Emei Shan,,0,,,
1165,Nangra,1341,0,,,
1166,Yershong,1696,0,,,
1169,Riwo Jakang,,0,,,
1170,Pelge Samten Ling,,0,,,
1171,Dzagyel,,0,,,
1172,Yarlung Pemako,,0,,69,
1173,Katok Shedra Norbu Lhunpo,1906,0,,,
1174,Mangge,,0,,65,
1175,Kumbum Monastery,,0,,,
1176,Ne Chode,,0,,,
1178,Beshing Monastery,1780,0,,,
1179,Tokden Monastery,1385,0,,,
1180,Mangdu,1777,0,,,
1182,Gemang Ritro,,0,,,
1183,Mandal Gon,,0,,57,
1184,Yarlung Sheldrak,,0,,29,
1185,Gyelwa Sengge Ngaro Lhakhang,1809,0,,,
1186,Lingto College,,0,,,
1187,Ga Benchen Monastery,1380,0,,,
1188,Sakar Samdrub Ling,,0,,,
1189,Ladro Monastery,1420,0,,,
1190,Khamarin Khiid,1820,0,,,
1191,Riwo Gegye Ganden Shedrubling,1654,0,,,
1192,Amarbayasgalant,1725,0,,,
1193,Bogd Khan,,0,,,
1194,Kunga Choling,1809,0,,,
1195,Gyu Dratsang,,0,,69,
1196,Nedong Tsetsokpa,,0,,49,
1197,Chokhor Gang,,0,,,57
1198,Gyel Kartse Palace,,0,,,
1199,Tarde Monastery,,0,,49,
1200,Baruun Khiid,1756,0,,,
1201,Pekar Choling,1690,0,,,
1202,Pakmodrupa,,0,,,
1203,Rinpungpa,,0,,,
1204,Erdene Zuu,1585,0,,,
1205,Lhateng,1185,0,,,
1206,Ganden Mamo,1386,0,,,
1211,Gojo Banak,,0,,77,
1212,Dago Monastery,,0,,,77
1213,Zingpa Takgo,,0,,57,
1214,Trengpo,,0,,,61
1215,Tashi Tse,,0,,,61
1216,Ringu Monastery,1475,0,,,
1217,Chakhyi Lhakhang,,0,,,45
1218,Chenye Monastery,,0,,41,
1219,Beri Monastery,1649,0,,,
1220,Labrang Shar,,0,,,
1221,Lhamo Latso,,0,,,
1222,Manasarovar,,0,,,
1224,Nyarong Gojam Gon,1159,0,,,
1226,Chodrak Gon,,0,,,53
1227,Namchen Drakkar,,0,,,
1228,Nub Padmo De,,0,,49,
1229,Hardong Khamtsen,,0,,,
1230,Taklung Drak,,0,,73,
1231,Ling Khamtsen,,0,,57,
1232,Drakkar Taso,,0,,41,
1233,Tikchi Monastery,,0,,49,
1234,Khachar,,0,,,57
1235,Tubchen Dargye Ling,,0,,57,
1236,Druk Jangchub Choling,1205,0,,,
1237,Taklung Tarling Chode,,0,,,
1238,Wonto Monastery,,0,,,49
1240,Tanak Pu Monastery,,0,,41,
1241,Ya Nga Chamda Ganden Khacho Ling,1488,0,,,
1242,Khangmar Monastery,,0,,57,
1243,Khangmar,,0,,65,
1244,Khemar Monastery,1904,0,,,
1245,Pema Shelpuk,1857,0,,,
1246,Ara Khamtsen,,0,,,61
1247,Chimilung,1050,0,,,
1248,Shadrang,1346,0,,,
1249,Changlung Monastery,,0,,,
1250,Drentang Monastery,,0,,41,
1251,Zangchen Monastery,,0,,45,
1252,Indian Masters,,0,,,
1253,Zamkhar,,0,,,
1254,Gyakhar Gar,,0,,,69
1255,Dzogon,1395,0,,,
1256,Dungsam Riwo Tengyeling,1741,0,,,
1257,Trashigang Dzong,1659,0,,,
1258,Kongpo Bonri,,0,,,
1259,Penyul Drosa,,0,,,
1260,Dzogon Monastery,,0,,,
1261,Rashel,,0,,65,
1262,Belo Hermitage,,0,,,
1263,Gyelpak Monastery,,0,,57,
1264,Kunub Monastery,,0,,69,
1265,Khyunggon Monastery,,0,,,
1266,Menri (Dolanji),1970,0,,,
1267,Kyangtsang,,0,,45,
1268,Drati House,,0,,,
1270,Dechenpuk,,0,,,57
1271,Tarpeling,,0,,,53
1272,Namtso,,0,,,
1273,Pomda Sangngak Dechen Monastery,,0,,61,
1274,Zhamar Monastery,1644,0,,,
1275,Tsogyel Latso,,0,,,
1276,Nedruk Lhakhang,,0,,,49
1277,Zhiwa Gon,1225,0,,,
1278,Dakpa Shelri,,0,,,
1279,Shabme Gomne,,0,,,
1280,Gandan Tegchenling,1838,0,,,
1281,Drayab Monastery,,0,,,
1282,Drokge Monastery,,0,,65,
1283,Thikse Monastery,,0,,57,
1284,Dzato Changmai Monastery,,0,,73,
1285,Dongkar Dzong,,0,,,
1286,Zangri Monastery,,0,,41,
1287,Tawang Monastery,,0,,,
1288,Kharteng Monastery,,0,,,
1289,Shauk Tago,,0,,,
1291,Khawa Lungri,,0,,,
1292,Chuwar Monastery,,0,,57,
1294,Lo Monastery,,0,,41,
1295,Dambadarjaa Monastery,,0,,69,
1296,Chungchen Peldzong,,0,,,
1297,Namtseding Monastery,,0,,41,
1298,Surkhang Printery,,0,,77,
1299,Taktsang Monastery,1713,0,,,
1300,Zhungpa Khamtsen,,0,,,
1301,Doto Den Chokhor,,0,,,
1302,Demo,,0,,,
1303,Gangri Tokar,,0,,,
1305,Sani Gonpa,,0,,,
1306,Taklung Drilung,,0,,,
1307,Nyakla Gar,,0,,,
1308,Karchung Doring,,0,,33,
1309,Shukchung,,0,,,
1310,Hidden Land,,0,,,
1311,Zambulung,,0,,,
1312,Roerich House,1928,0,,,
1313,Dzonggo,,0,,73,
1315,Lhopa Khamtsen,,0,,,
1316,Khordong Monastery,,0,,45,
1317,Nyetang Mokchok,,0,,45,
1318,Zhichen Monastery,,0,,,
1319,Desi,,0,,,
1320,Shukjung Monastery,,0,,,
1321,Baḥne Monastery,,0,,,
1322,Batang Drubgon,,0,,,
1323,Do Dorje Drak,,0,,,
1324,Lelung Monastery,,0,,,
1325,Yamdrok Lake,,0,,,
1326,School,,0,,,
1327,Nyarongsha School,,0,,,
1328,Kyitopa,,0,,,
1329,Chumik,,0,,41,
1330,Bakha,,0,,,
1331,Odantapuri,,0,,25,
1332,Yanglesho,,0,,,
1333,Namo Buddha,,0,,,
1334,Anja Ritro,1787,0,,,
1335,Dzogchen Yamāntaka Cave,,0,,,
1336,Pungpo Riwoche,,0,,65,
1337,Khardo Monastery,,0,,,57
1338,Kyodrak Monastery,1361,0,,,
1339,Lhadrang Monastery,1616,0,,,
1340,Mendong Monastery,1808,0,,,
1341,Namgyel Ling,,0,,,69
1342,Pangpuk,,0,,,
1343,Yamalung,,0,,,61
1344,Yilhung Lhatso,,0,,,
1345,Yumbu Lagang,,0,,,
1346,Sengge Yumtso,,0,,,
1347,Sinpo Ri Lhakhang,,0,,,
1348,Hepo Ri,,0,,,
1349,Tashi Podrang,,0,,,
1350,Pemaling Lake,,0,,,
1351,Gontang Bumpa,,0,,,
1352,Ngedon Dongak Chokhor Ling,1979,0,,,
1353,Pemayangtse,,0,,65,
1354,Namgyal Institute of Tibetology,1958,0,,,
1355,Vikramaśīla,,0,,33,
1356,Drakmar Drinzang,,0,,,53
1359,Drak Lhalubuk,,0,,,
1360,Dapon,,0,,,
1361,Shardza Hermitage,1893,0,,,
1362,Rinpung Monastery,,0,,,
1363,Taktse Hermitage,,0,,,77
1364,Khyunglung Ngulkhar,,0,,,
1365,Dachen,1081,0,,,
1366,Drakkar Jago,,0,,,77
1367,Samdrub,,0,,,77
1368,Nateng,,0,,,
1369,Gyarong Khamtsen,,0,,,
1370,Indo Tibetan Buddhist Cultural Institute,1954,0,,,
1371,Tsedrung,,0,,,
1372,Śāntipura,,0,,,
1373,Dranang Jampa Ling,,0,,57,
1374,St. Joseph's School,1888,0,,,
1375,Zhangpa,,0,,,
1376,Chode (Denma),,0,,,
1377,Ximing Temple,,0,,,
1378,Daci'ensi,,0,,,
1379,Xiuduo Monastery,,0,,,
1380,Kilung,1790,0,,,
1382,Tsur,,0,,,
1386,Ney Monastery,,0,,,
1387,Wosel Monastery,,0,,,
1388,Tolung Tsendro,,0,,,
1390,Zhok Gurmon,,0,,49,
1391,Ngonga Choding,,0,,61,
1392,Tashi Lhapuk,,0,,,
1393,Chamdo Drolma Lhakhang,,0,,61,
1394,Dangkhar,,0,,45,
1395,Samye Ling,,0,,,
1396,Kanchendzonga,,0,,,
1397,Borobudur,,0,,,
1398,Daktok,,0,,65,
1399,Gyama Rinchen Gang,1118,0,,,
1400,Riwo Dangchen,1412,0,,,
1401,Kamkam Monastery,,0,,,
1402,Nyenchen Tanglha,,0,,,
1403,Ridrak,,0,,,
1404,Galenteng,1005,0,,,
1405,Matho,,0,,,
1406,Spituk,,0,,57,
1407,Stok Royal Palace,,0,,73,
1408,Samstanling,1848,0,,,
1409,Petub Khamsten,,0,,,
1410,Mulagandhakuti Vihara,,0,,,
1411,Central Institute of Buddhist Studies,1959,0,,,
1412,Pethub Stangey Choskhorling,1999,0,,,
1413,Ivolginsky Datsan,1946,0,,,
1414,Key,,0,,41,
1415,Bengen,,0,,,
1416,Sonada,1966,0,,,
1417,Diskit,,0,,57,
1418,Charasa,,0,,57,
1419,Ensa,,0,,57,
1420,Tsazar,,0,,57,
1421,Stongdey,,0,,41,
1422,Phuktal,,0,,57,
1423,Karsha,,0,,41,
1425,Rulers of Meu,,0,,,
1426,Taktsang Lhamo Kīrti,1713,0,,,
1428,Achung Namdzong,,0,,,
1429,Bo Gangkar Monastery,,0,,45,
1430,Dagam Wangpuk,,0,,,
1431,Mahā Kyilung,,0,,,
1432,Kachok,,0,,,
1433,Minyak Kyernang,,0,,,
1434,Kardza,,0,,73,
1435,Lautang,,0,,73,
1436,Pema Ritro,,0,,,
1437,Tabka,,0,,45,
1438,Trawakha,,0,,,
1439,Tangsak,,0,,,
1440,Young Lama's Home School,1961,0,,,
1441,Lekshe Nyida Ling,,0,,77,
1442,Naropa University,1974,0,,,
1443,Gampo Abbey,1983,0,,,
1444,Dharma Center,,0,,,
1445,Karmê Chöling,1970,0,,,
1447,Boulder Shambhala Center,1970,0,,,
1448,Shambhala Mountain Center,1971,0,,,
1449,Yak Monastery,,0,,,
1450,Lhapu Mokchok,,0,,45,
1452,Kagyu Kunchab Chuling,1972,0,,,
1453,Kunzang Dechen Osel Ling,1980,0,,,
1454,Kagyu Dzamling Kunchab,1975,0,,,
1455,Kagyu Droden Kunchab,1974,0,,,
1456,Karma Rimay O Sal Ling,1974,0,,,
1457,Kagyu Changchub Chuling,1976,0,,,
1458,Kagyu Shenpen Kunchab,1975,0,,,
1459,Kagyu Dzong,1983,0,,,
1460,Kagyu Ling,1974,0,,,
1461,Kagyu Thubten Chöling,1978,0,,,
1462,Sherabling,1975,0,,,
1463,Sengchen Namdrak,,0,,,
1464,Gagu Hermitage,,0,,77,
1465,Drakmar Keutsang,,0,,,
1466,Drinyendong,,0,,,
1467,Sengchen Namdrak Monastery,,0,,73,
1468,Tsarazhab Hermitage,,0,,73,
1469,Garpa Ritro,,0,,,73
1470,Birla House,,0,,,
1471,Chopra House,,0,,,
1472,Drepung (India),,0,,77,
1473,Buxa Chogar Tosam Tardo Ling,,0,,77,
1474,Ganden Tritok Khang (India),,0,,77,
1475,Ganden Pelgye Ling,1938,0,,,
1476,Chokhor Ling,1968,0,,,
1477,Ganden (India),1969,0,,,
1478,Ling Khamtsen (India),1974,0,,,
1479,Labsum Shedrub Ling,1958,0,,,
1480,Pombora Khamtsen,,0,,,
1481,Ngopu Yangchen Puntsok Ling,1574,0,,,
1482,Bomrak Ganden Dondrub Ling,,0,,61,
1483,Makchi,,0,,,
1484,Rupon,,0,,,
1486,Adu Yakgo,1394,0,,,
1487,Datsang,1414,0,,,
1488,Damtok,,0,,,
1489,Tridu Kelzang,,0,,,
1490,Serjong,,0,,49,
1491,Guzi,,0,,49,
1492,Takmo Lingkha,1436,0,,,
1493,Baradrak Dondrubding,,0,,53,
1494,Lumbini,,0,,,
1495,Shatra,,0,,73,
1496,Dzinda Neseb,,0,,73,
1497,Dzonyak Samdrub,,0,,,
1498,Tubten,,0,,,49
1499,Dzonggo,,0,,,
1500,Jasa Lhakhang,,0,,,33
1501,Druk Dechen Chokhor,,0,,61,
1502,Karma Chokhor Dechen Ling,1978,0,,,
1504,Ka-Nying Shedrub Ling,1976,0,,,
1505,Nunnery,,0,,,
1506,Karma Migyur Ling,1975,0,,,
1507,Dhagpo Kagyu Ling,1975,0,,,
1508,Buddhistisk Center Kobenhavn,1972,0,,,
1509,Karma Triyana Dharmachakra,1976,0,,,
1510,Khampa Gar (Tashi Jong),1958,0,,,
1511,Karma Drubgyu Thargay Ling,1963,0,,,
1512,Karma Drupgyud Choeling,1976,0,,,
1513,Shri Karma Raja Mahavihara,,0,,,
1515,Tawu Sangngak Chokdrub Ling,1612,0,,,
1516,Lhalam,1638,0,,,
1517,Lachab,,0,,,
1518,Sangngak Choling,,0,,65,
1519,Drumpa,,0,,,
1520,Taser,,0,,,
1521,Ru Gonsar,,0,,,
1522,Labrang Gyuto Dratsang,1943,0,,,
1523,Labrang Gyume Dratsang,1716,0,,,
1524,Ghum Yiga Choeling,,0,,76,
1526,Dubdi,1701,0,,,
1527,Sangngak Choling Sikkim,1515,0,,,
1528,Doling,,0,,69,
1529,Ralong,,0,,69,
1530,Men-tsee-khang,1961,0,,,
1531,Barawa,,0,,,
1532,Dranggyekha,,0,,53,
1533,Do Chorten,,0,,,
1534,Tsangsar Namgon,,0,,,
1535,Gechak Monastery,1893,0,,,
1536,Dzonggo Ling,,0,,,
1537,Nagi Gonpa,,0,,,
1538,Tergar Ösel Ling,1990,0,,,
1539,Hiraṇyavarṇa Mahāvihāra,,0,,45,
1540,Tsangsar,,0,,,
1541,Pema Khyung Dzong,,0,,49,
1542,Benchen,1987,0,,,
1543,Central Tibetan Administration,1959,0,,,
1544,Pema Choling,,0,,,
1545,Jekhar Chode Gon,,0,,37,
1546,Drapu Choling,,0,,61,
1548,Tashi Choling (Dharamsala),1984,0,,,
1549,Kagyu Gonsar,,0,,,69
1550,Jampel Dechenling,,0,,,
1551,Chakkyi Yangtse,,0,,61,
1552,Chungtang,,0,,65,
1554,Jangchub Chokhor Ling,,0,,57,
1555,Tangkya Gon,,0,,,
1556,Drakkar,1254,0,,,
1557,Potala School,1754,0,,,
1558,Sokmo Palace,,0,,,
1559,Ganden Chokhor Ling,,0,,45,
1560,Lhalung Ritro,,0,,73,
1561,Drumpa Manor House,1790,0,,,
1562,Dramagang,,0,,73,
1563,Dosib,,0,,,
1564,Dungdo,,0,,,
1565,Dzamtok,,0,,,
1566,Shangto,,0,,,
1567,Rabten,,0,,,
1568,Wara,,0,,,
1569,Khalek,,0,,73,
1570,Dogyu Tosam Ling,,0,,,
1571,Delek Rabten,,0,,,
1572,"Sakya Monastery, Seattle",1974,0,,,
1573,Tharlam,1981,0,,,
1574,Jetsun Sakya Center,1977,0,,,
1575,Rizong,1833,0,,,
1576,Tashigang,,0,,41,
1578,Labu,1419,0,,,
1579,Terlam,1584,0,,,
1580,Dome Chikyab,,0,,,
1581,Rimzhi,,0,,,
1582,Neshan,,0,,,
1583,Dekhar,,0,,,
1584,Marlampa,,0,,,
1585,Sera (India),1969,0,,,
1586,Tashi Lhunpo (India),1972,0,,,
1587,Stakna,,0,,,65
1588,Bardan,,0,,65,
1589,Padum Palace,,0,,,
1590,Dokhar,,0,,,
1591,Jamchen Lhakhang,1985,0,,,
1592,Rinding,,0,,,
1593,Lo Gekar,,0,,29,
1594,Dharma Swami Buddha Vihara,,0,,,
1595,Tsarang,,0,,,
1596,Namgyel Chode,,0,,49,
1597,Tangtong Gyelpo Lhakhang,,0,,,
1598,Shukden Lhakhang,,0,,,
1600,Montang Chode,,0,,,
1601,Kak Chode,,0,,,
1602,Gemi,,0,,,
1603,Dzong Chode,,0,,,
1604,Beru Lachen,,0,,45,
1605,Gar Gon,,0,,49,
1606,Sarnath,,0,,,
1607,Putou Shan,,0,,,
1608,Kandze Shedrub Norbu Ling,1662,0,,,
1609,Lingyin Temple,328,0,,,
1610,Yarlung Tashi Chode,,0,,53,
1611,Sakya Centre,1964,0,,,
1612,Shakya Shei-Drub Ling,1980,0,,,
1613,Lerab Ling,1991,0,,,
1615,Dzogchen Monastery India,1992,0,,,
1617,Tartse Labrang,,0,,57,
1618,Pende Labrang,,0,,69,
1619,Khangsar Labrang,,0,,65,
1620,Luding Labrang,,0,,61,
1621,Gyelmo Murdo,,0,,,
1622,Cave,,0,,,
1623,Monastic College,,0,,,
1624,Yutsa,,0,,57,
1625,Ditsa Parkhang,,0,,,
1626,Zhalu Kuzhang,,0,,,
1627,Pangshar,1265,0,,,
1628,Asura Cave,,0,,,
1630,Dongtok,1587,0,,,
1631,Dhīpu,1844,0,,,
1632,Yakze,1687,0,,,
1633,Khyungtak,,0,,78,
1634,Tenpel,,0,,,
1636,Bumsar,,0,,45,
1637,Pema Osel Ling,,0,,,
1638,Chagdud Dechen Ling,,0,,,
1639,Rigdzin Gatsel,,0,,,
1640,Ati Ling,,0,,,
1641,Rigdzin Ling,1988,0,,,
1642,Khadro Ling,1995,0,,,
1643,Horkhang,,0,,,
1644,Richung,,0,,53,
1645,Sarwahai,,0,,,
1646,Do Dzong Hermitage,,0,,,73
1647,Nechen Pema Ritro,,0,,,73
1648,Zhakdra Yumtso,,0,,,
1649,Pelri,,0,,49,
1651,Kyire School,,0,,,
1652,Powo Tramo,,0,,,
1653,Chobar,,0,,,
1654,Delok,,0,,,
1655,Tarpa Tse,,0,,,
1656,Kunzang Odsal Palyul Changchub Choling,,0,,,
1657,Palyul Retreat Center,,0,,,
1658,Dagpo Shedrubling Monastery,,0,,,
1659,Drepung Gomang India,,0,,,
1660,Se Monastery,,0,,,
1661,Takten Puntsok Choling,1962,0,,,
1662,Lingshed,,0,,59,
1664,Nyingma Institute,1972,0,,,
1665,Yeshe Nyingpo,1974,0,,,
1666,Garchen Buddhist Institute,1997,0,,,
1667,Orgyen Chö Dzong,1980,0,,,
1668,Tibet Center,1975,0,,,
1670,Vajrapani Institute,1982,0,,,
1671,Rigdzin Gatsel Ling,,0,,,
1672,Lama Ling,,0,,,
1673,Jangkar Monastery,,0,,53,
1674,Yaso Monastery,,0,,,78
1675,Wozer,,0,,,
1676,Nego Monastery,,0,,,
1677,Gyelse,,0,,,
1678,Tekchen Choling Tsuklagkhang,1969,0,,,
1679,Dashchoilin Khiid,1990,0,,,
1681,Geden Sheddup Choikorling,1996,0,,,
1682,Green Tara Center,,0,,,
1683,Moscow Buddhist Center Lama Tsongkhapa,1996,0,,,
1684,Idgaachoinzinling Monastic College,,0,,,
1685,Lachen Monastery,1858,0,,,
1686,Thangu Monastery,,0,,70,
1687,Changra Samdrubtse,,0,,,
1688,John Giorno Foundation,,0,,,
1689,Tashi Gomang Stupa,1996,0,,,
1690,Tibet House,1987,0,,,
1691,Deer Park Buddhist Center,1976,0,,,
1692,Rinak,,0,,65,
1693,Drilma Sangngak Choding,,0,,65,
1694,Drumpa Monastery,,0,,61,
1695,Kagyu Tsekchok Ling,1988,0,,,
1696,Papyuk,,0,,70,
1697,Zhakdra Lhatse,,0,,,
1698,Namgyelteng,,0,,,
1700,Tibetan Mongolian Buddhist Cultural Center,1979,0,,,
1701,Dilyak,1811,0,,,
1702,Tsade,,0,,49,
1703,Aten Tsamkhang,,0,,,
1704,Ke Mingyur Dorje Drak,,0,,,65
1705,Kolri,,0,,49,
1706,Geri,,0,,,49
1707,CIHTS,1967,0,,,
1708,Tsakho,1409,0,,,
1709,Zablung,,0,,41,
1710,Draklha Gampo,,0,,,
1711,Drakkar Treldzong,,0,,,
1712,Kuso Togyel,,0,,,
1713,Tashi Gomang,,0,,70,
1714,Durpin Monastery,,0,,79,
1715,Ghoom Monastery,,0,,,
1716,Dundul Rabtenling,,0,,,
1717,Tso Pema Orgyen Heruka Nyingmapa Gompa,1961,0,,,
1718,Dudjom Gonpa,,0,,,
1719,Tashi Choling (Oregon),1980,0,,,
1720,Urgyen Samyé Chöling,,0,,,
1722,Jangsa Gompa,,0,,,
1723,Karye,,0,,,
1724,Zangzang Lhadrak,,0,,,
1725,Mahasiddha Nyingmapa Center,1973,0,,,
1726,Kharnang Gongma,1887,0,,,
1727,Namgyel (Dharamsala),,0,,,
1728,Nyingma Kathok Buddhist Center,,0,,,
1729,Katok Ritrö retreat center,,0,,,
1730,Dudjom Namdrol Choling,,0,,,
1731,Zhichen Bairo Ling,,0,,,
1732,Iron Knot Ranch,,0,,,
1733,"Tsinta Mani Choling, Spokane",,0,,,
1734,Katog Tingdzin Ling,,0,,,
1735,Katog Rit'hröd,,0,,,
1736,Sravasti Abbey,2003,0,,,
1737,Orgyen Dorje Den,,0,,,
1738,Palri Pema Od Ling,,0,,,
1739,Kathok Center,,0,,,
1740,Katog Ratna Ling,,0,,,
1741,Adzom Wosel Dongag Chokher Ling,,0,,,
1742,Yeshe Khorlo Buddhist Society Singapore,,0,,,
1743,Dokho Monastery,,0,,,
1744,Tsegyalgar East,1982,0,,,
1745,Samten Tse,,0,,,
1746,Drak Kharwachen,,0,,,
1747,Drukto,,0,,45,
1748,Yachen Gar,1985,0,,,
1750,Labrang Tantric College,,0,,,
1752,Gotsa,1182,0,,,
1753,Danyin Khala Ronggo,,0,,,
1755,Dzamling Gar,,0,,,
1756,Merigar,1981,0,,,
1758,Central Monastic Body,,0,,,
1759,Chensel School,1956,0,,,
1761,Mewa Monastery,1646,0,,,
1762,Lung-ngon Monastery,1958,0,,,
1763,Zurkhardo,,0,,,
1766,Go-ngon,,0,,,