community_id,lat,long,map_priority_level_id,map_display_name,map_display_name_script
9,31.31398,98.94140,2,Katok,ཀཿ་ཐོག།
10,29.18413,91.40525,2,Mindroling,སྨིན་གྲོལ་གླིང་།
11,29.32779,91.10756,2,Dorje Drak,རྡོ་རྗེ་བྲག།
12,32.13334,98.85,1,Dzogchen,རྫོགས་ཆེན།
13,32.2663743,98.8857244,2,Shechen,ཞེ་ཆེན།
14,31.21570,98.82179,2,Pelyul,དཔལ་ཡུལ།
15,28.179,90.828,2,Sekhar Gutok,སྲས་མཁར་དགུ་ཐོག།
21,29.21477,90.96158,5,Zhung Treuzhing,གཞུང་སྤྲེའུ་ཞིང་།
32,29.1191914,88.8254028,2,Ngor,ངོར།
33,29.08333,87.63333,5,Dar Drangmoche,དར་གྲོང་མོ་ཆེ།
35,29.1275302,88.9925362,1,Zhalu,ཞྭ་ལུ།
36,29.75867,91.47614,2,Ganden,དགའ་ལྡན།
37,29.69781,91.13272,2,Sera,སེ་ར།
38,29.67677,91.04694,2,Drepung,འབྲས་སྤུངས།
39,29.26886,88.86982,1,Tashilhunpo,བཀྲ་ཤིས་ལྷུན་པོ།
40,36.49005,101.56717,1,Kumbum,སྐུ་འབུམ།
41,35.19405,102.50509,1,Labrang,བླ་བྲང་།
43,31.1818,99.5444,3,Adzom Gar,ཨ་འཛོམ་སྒར།
44,31.28333,99.60000,5,Nyoshul,སྨྱོ་ཤུལ།
45,29.97151,91.94550,5,Zha Lhakhang,ཞྭའི་ལྷ་ཁང་།
47,,,5,Bochung,བོ་ཆུང་།
48,32.56000,100.60000,5,Dodrubchen,རྡོ་གྲུབ་ཆེན།
52,29.241005,91.333746,5,Dratang,གྲྭ་ཐང་།
53,,,5,Lasum,ལ་གསུམ།
54,,,5,Dre,འབྲེ།
55,,,5,Getse,དགེ་རྩེ།
58,,,5,Odren,འོ་བྲན།
59,31.858570,96.296169,5,Neten,གནས་བརྟན།
60,32.0395,96.9928,5,Tsike,རྩི་ཀེ།
62,29.194314,88.7622636,2,Nartang,སྣར་ཐང་།
63,29.1182847,92.8016965,2,Daklha Gampo,དྭགས་ལྷ་སྒམ་པོ།
64,29.3003585,91.9720082,2,Densatil,གདན་ས་མཐིལ།
67,29.2150195,88.4085378,5,Tropu,ཁྲོ་ཕུ།
68,29.63984,91.22002,2,Tsel Gungtang,ཚལ་གུང་ཐང་།
70,30.82694,91.60927,5,Barom Gon,འབའ་རོམ་དགོན།
71,,,5,Lingtsang,གླིང་ཚང་།
73,,,5,Napu Monastery,སྣ་ཕུ་དགོན།
77,,,5,Lomi,ལོ་མི།
78,,,5,Rokam,རོ་སྐམ།
80,30.15745,91.22882,3,Taklung,སྟག་ལུང་།
82,30.1065934,92.2039065,2,Drigung Til,འབྲི་གུང་མཐིལ།
83,,,5,Gyer,དགྱེར།
84,,,5,Khangsar,ཁང་གསར།
85,29.43349,91.00433,2,Shukseb,ཤུག་གསེབ།
87,28.832443,90.096072,2,Ralung,རྭ་ལུང་།
90,29.35000,88.00000,2,Jonang,ཇོ་ནང་།
91,29.54832,91.08624,2,Sangpu Neutok,གསང་ཕུ་ནེའུ་ཐོག།
92,29.54580,90.95469,4,Nyetang Dolma Lhakang,སྙེ་ཐང་སྒྲོལ་མ་ལྷ་ཁང་།
93,28.93333,89.53333,5,Tsechen,རྩེ་ཆེན།
94,,,5,Sharkhapa,ཤར་ཁ་པ།
95,29.72759,90.57773,1,Tsurpu,མཚུར་ཕུ།
96,,,5,Drakram,བྲག་རམ།
97,,,5,Gharung,གྷ་རུང་།
101,29.13333,89.36667,5,Pokhang,སྤོས་ཁང་།
102,28.93333,89.60000,2,Pelkhor Chode,དཔལ་འཁོར་ཆོས་སྡེ།
105,29.30000,89.05000,5,Serdokchen,གསེར་མདོག་ཅན།
107,30.93333,95.56667,5,Tupten Dargye Ling,ཐུབ་བསྟན་དར་རྒྱས་གླིང་།
110,29.368129,88.002188,5,Takten Damcho Ling,རྟག་བརྟན་དམ་ཆོས་གླིང་།
112,29.97708,90.78496,5,Chubzang,ཆུ་བཟང་།
114,,,5,Kyangdur,རྐྱང་འདུར།
115,29.192265,86.616103,3,Chung Riwoche,ཅུང་རི་བོ་ཆེ།
116,,,5,Mending,སྨན་སྡིངས།
117,,,5,Menchu,སྨན་ཆུ།
119,29.487153,87.853913,5,Cholung Jangtse,ཆོས་ལུང་བྱང་རྩེ།
120,28.81667,89.65000,5,Nenying,གནས་རྙིང་།
122,,,5,Sabzang Ganden,ས་བཟང་དགའ་ལྡན།
124,,,5,Pelteng,དཔལ་སྟེང་།
127,30.31667,101.56667,5,Lhagang,ལྷ་སྒང་།
128,29.864699,91.172857,3,Nalendra,ན་ལེན་དྲ།
129,,,5,Lhatel Rinchen Ling,ལྷ་ཐེལ་རིན་ཆེན་གླིང་།
130,28.88721,91.90896,4,Yabzang,གཡའ་བཟང་།
131,,,5,Dong,ལྡོང་།
132,,,5,Kodrak Hermitage,ཀོ་བྲག་རི་ཁྲོད།
134,30.06667,95.61667,5,Choding,ཆོས་སྡིངས།
135,29.73851,91.97096,5,Rinchen Ling,རིན་ཆེན་གླིང་།
136,,,5,Jangchen,བྱང་ཆེན།
137,30.00000,100.26667,1,Litang,ལི་ཐང་།
140,29.28667,91.83596,4,Ngari Dratsang,མངའ་རིས་གྲྭ་ཚང་།
141,28.09082,91.11897,5,Kharchu,མཁར་ཆུ།
143,29.90192,91.76738,5,Tangkya Lhakhang,ཐང་སྐྱ་ལྷ་ཁང་།
145,,,5,Druk Monastery,འབྲུག་དགོན།
150,30.26667,94.88333,5,Powo Samling,སྤོ་བོ་བསམ་གླིང་།
151,29.70716,90.72834,5,Parpu Monastery,སྤར་ཕུ་དགོན་པ།
152,,,5,Ngen,རྔན།
154,,,5,Kharak,ཁ་རག་།
156,36.75913,102.17999,2,Gonlung,དགོན་ལུང་།
157,30.78671,98.966955,5,Shar Yelpuk,ཤར་ཡེལ་ཕུག།
158,31.95431,95.75779,5,Jang Tana,བྱང་རྟ་རྣ་དགོན།
159,30.6997,98.3555,5,Dodzong,རྡོ་རྫོང་།
160,30.541961,97.832504,5,Sho,ཤོ།
161,,,5,Janak,བྱ་ནག།
165,29.32651,91.5024,1,Samye,བསམ་ཡས།
166,,,5,Drokmi,འབྲོག་མི།
169,,,5,Nyang,མྱང་།
172,27.714962,85.290337,2,Swayambhunath,འཕགས་པ་ཤིང་ཀུན།
173,27.721485,85.361975,2,Boudhanath,བྱ་རུང་ཁ་ཤོར།
174,32.35128,97.25192,4,Zurmang Dutsitil,ཟུར་མང་བདུད་རྩི་མཐིལ།
178,33.264290,96.972114,2,Tarlam,ཐར་ལམ།
179,,,5,Dezhung Monastery,སྡེ་གཞུང་དགོན།
180,31.64298,98.96288,2,Dzongsar,རྫོང་སར།
181,32.48333,98.01667,2,Longtang Dolma,ཀློང་ཐང་སྒྲོལ་མ།
183,29.184024,89.911855,5,Rong Ngurmik,རོང་ངུར་སྨིག།
185,29.28333,89.21667,3,Wensa,དབེན་ས།
188,,,5,Garmo Chodzong,མགར་མོ་ཆོས་རྫོང་།
190,29.65594,91.13431,3,Gyume,རྒྱུད་སྨད།
191,,,5,Riwo Gepel,རི་བོ་དགེ་འཕེལ།
192,,,5,Gangchen Chopel,གངས་ཅན་ཆོས་འཕེལ།
195,29.10399,91.72359,5,Tangpoche,ཐང་པོ་ཆེ།
197,29.66667,89.13333,5,Zhangzhong Dorjeden,ཞང་ཞོང་རྡོ་རྗེ་གདན།
198,29.18541,92.00526,5,Chekar Chode,འཆད་དཀར་ཆོས་སྡེ།
199,29.881093,91.211952,5,Langtang,གླང་ཐང་།
200,,,5,Khyungpo,ཁྱུང་པོ།
201,,,5,Gyu,རྒྱུས།
203,,,5,Zira,བཟི་ར།
205,,,5,Rashuk,ར་ཤུག།
206,32.347915,101.176175,1,Dzamtang,ཛམ་ཐང་།
207,31.80562234,98.58336378,1,Gonchen,དགོན་ཆེན།
208,32.34874,101.19215,5,Tsechu Monastery,ཚེས་བཅུ།
209,32.352307,101.174029,5,Choje Monastery,ཆོས་རྗེ་།
210,32.34874,101.16215,5,Tsangwa Monastery,གཙང་བ།
212,36.22274,101.68427,4,Old Ditsa,དྷི་ཚ།
214,33.89773,96.52142,5,Ba,འབའ།
215,31.827603,96.913696,2,Karma Gon,ཀརྨ་དགོན།
216,29.97411,90.97760,3,Gyel Lhakhang,རྒྱལ་ལྷ་ཁང་།
218,31.37117,96.50273,5,Riwoche,རི་བོ་ཆེ།
219,,,5,Riwoche Yanggon,རི་བོ་ཆེ་ཡང་དགོན།
224,29.92141,91.19951,5,Poto,པོ་ཏོ།
225,29.15336,91.76162,5,Rechung Puk,རས་ཆུང་ཕུག།
226,,,5,Puchung,ཕུ་ཆུང་།
228,30.69000,81.60000,5,Sewalung,སེ་བ་ལུང་།
229,29.28000,89.08000,5,Upalung,འུག་པ་ལུང་།
232,33.912676,77.702969,3,Hemis,ཧེ་མི་དགོན།
233,32.790873,79.002056,5,Hanle,ཝཾ་ལེ།
234,33.95905,77.78915,5,Chemrey,ལྕེ་བདེ་ཐེག་མཆོག་དགོན།
236,29.78221,91.60656,5,Tsunmo Tsel,བཙུན་མོ་ཚལ།
237,31.14336,97.17725,3,Chamdo,ཆབ་མདོ།
239,,,5,Ja,བྱ།
240,,,5,Bon,བོན།
241,31.927906,94.038873,5,Patsang,སྤ་ཚང་།
242,32.156658,93.489064,5,Lupuk Gonpa,ཀླུ་ཕུག་དགོན་པ།
243,33.24122,100.83245,5,Lungkar,ལུང་དཀར་དགོན།
244,29.446108,89.537805,1,Menri,སྨན་རི།
245,29.376049,89.461498,5,Yeru Wensakha,གཡས་རུ་དབེན་ས་ཁ།
246,30.16909,91.37098,5,Joden Gendungang,ཇོ་གདན་དགེ་འདུན་སྒང་།
247,32.19614,96.42992,5,Pelme Tekchen Evam Gatsel Ling,དཔལ་མེ་ཐེག་ཆེན་ཨེ་བ༹ཾ་དགའ་ཚལ་གླིང་།
248,,,5,Nangchen Gar,ནང་ཆེན་གར།
249,,,5,Lingga Dewachen,གླིང་དགའ་བདེ་བ་ཅན།
250,,,5,Musu Yama Monastery,མུས་སུ་ཡ་མ་དགོན།
251,29.65000,89.65000,5,Dingma,ལྡིང་མ།
253,28.96830,91.66075,4,Pelri Tekchen Ling,དཔལ་རི་ཐེག་ཆེན་གླིང་།
254,29.01364,91.72419,5,Tseringjong,ཚེ་རིང་ལྗོངས།
255,31.20000,94.03333,5,Driru Gon,འབྲི་རུ་དགོན།
259,,,5,Sinmo Dzong,སྲིན་མོ་རྫོང་།
264,,,5,Dro,གྲོ།
266,31.66667,99.73333,5,Dargye,དར་རྒྱས།
269,,,5,Tanak Serling,རྟ་ནག་གསེར་གླིང་།
270,29.46667,88.21667,5,Tanak Tubten Namgyel,རྟ་ནག་ཐུབ་བསྟན་རྣམ་རྒྱལ།
271,,,5,Japuk Dongak Dargye Ling,བྱ་ཕུག་མདོ་སྔགས་དར་རྒྱས་གླིང་།
273,34.07167,77.63281,1,Shey,ཤེལ་དཀར་ཕོ་བྲང་།
274,33.83872,103.77520,5,Azha Yarpung,འ་ཞ་ཡར་སྤུངས།
275,29.322863,89.862049,5,Dreyul Kyetsel,འབྲས་ཡུལ་སྐྱེད་ཚལ།
276,29.26667,88.33334,5,Nyenyo Jagoshong,མཉན་ཡོད་བྱ་རྒོད་གཤོངས།
277,,,5,Chokhor Lhunpo,ཆོས་འཁོར་ལྷུན་པོ།
278,,,5,Tashi Pende,བཀྲ་ཤིས་ཕན་བདེ།
280,31.707441,98.574394,5,Chakra,ལྕགས་ར།
281,,,5,Dak,དྭགས།
282,31.52646,98.84868,5,Pewar,དཔེ་ཝར།
284,,,5,Tsedong,རྩེ་གདོང་།
285,,,5,Tashi Cholung,བཀྲ་ཤིས་ཆོས་ལུང་།
286,,,5,Lho Chotritang,ལྷོ་ཆོས་ཁྲི་ཐང་།
287,35.91823,102.77701,5,Tseten,ཚེ་ཏན་དགོན།
288,36.11912,102.37356,5,Tak,སྟག།
289,36.052959,102.505148,5,Tuwa,མཐུ་བ།
290,35.9061864,102.5208564,5,Dentik,དན་ཏིག།
291,30.00733,91.26695,5,Neuzur,སྣེའུ་ཟུར།
293,,,5,Lhodrak Drowa Gon,ལྷོ་བྲག་སྒྲོ་བ་དགོན།
294,29.71033,91.14913,3,Purbuchok,ཕུར་བུ་ལྕོག།
295,29.40000,88.23333,5,Ngulchu Hermitage,དངུལ་ཆུ་རི་ཁྲོད།
296,35.95828,101.52969,5,Sekya Tashi Gepel Ling,སེ་ཀྱཱ་བཀྲ་ཤིས་དགེ་འཕེལ་གླིང་།
297,27.517797,88.963930,5,Sang Ngak Tekchen Choling,གསང་སྣགས་ཐེག་ཆེན་ཆོས་གླིང་།
298,29.23076,90.92873,5,Dakpo Dratsang,དྭགས་པོ་གྲྭ་ཚང་།
305,29.53252,90.91482,3,Rato,རྭ་སྟོད།
306,,,5,Nyetang Longdol Hermitage,མཉེས་ཐང་ཀློང་རྡོལ་རི་ཁྲོད།
307,27.595647,89.626837,5,Cheri Monastery,ལྕགས་རི།
308,27.593052,89.638776,5,Tango,རྟ་མགོ།
309,,,5,Bangri Jokpo,བང་རི་འཇོག་པོ།
310,,,5,Dar Chode,འདར་ཆོས་སྡེ།
311,,,5,Ladring Chode,བླ་འབྲིང་ཆོས་སྡེ།
312,29.50162,91.05206,5,Nyima Tang Monastery,ཉི་མ་ཐང་དགོན།
314,29.70326,91.14464,5,Khardo Hermitage,མཁར་རྡོ་རི་ཁྲོད།
315,29.75786,91.47462,5,Jangtse,བྱང་རྩེ་།
316,29.65869,91.12968,5,Gyuto,རྒྱུད་སྟོད།
317,29.880627,91.828872,5,Takpu Chode,སྟག་ཕུ་ཆོས་སྡེ།
318,,,5,Meldro Chakar,མལ་གྲོ་ཆ་དཀར།
319,29.75878,91.4767,5,Shartse College,ཤར་རྩེ་གྲྭ་ཚང་།
321,29.70283,91.14822,5,Rakadrak Hermitage,ར་ཁ་བྲག་རི་ཁྲོད།
322,29.705515,91.138730,5,Sera Utse,སེ་ར་དབུ་རྩེ།
323,,,5,Drula,འབྲུ་ལ།
324,,,5,Taktse Rinchen Gang,སྟག་རྩེ་རིན་ཆེན་སྒང་།
325,29.64535,90.93782,5,Kyormolung,སྐྱོར་མོ་ལུང་།
326,,,5,Drakwar Monastery,བྲག་དབར་དགོན།
327,30.3106113,91.5134729,2,Reting,རྭ་སྒྲེང་།
331,29.75525,90.65135,5,Nenang,གནས་ནང་།
333,29.30000,87.23333,2,Ngamring Chode,ངམ་རིང་ཆོས་སྡེ།
334,29.00997,91.66037,5,Riwo Dechen,རི་བོ་བདེ་ཆེན།
335,,,5,Rinchen Drak,རིན་ཆེན་བྲག།
339,36.21907,102.57204,5,Tangring Monastery,ཐང་རིང་དགོན་པ།
340,36.85000,102.05000,3,Chubzang,ཆུ་བཟང་།
342,29.676708,91.048383,5,Gomang,སྒོ་མང་།
343,29.67119,91.35907,5,Dechen Sangngak Khar,བདེ་ཆེན་གསང་སྔགས་མཁར།
344,29.25000,88.85000,4,Shartse Dratsang,ཤར་རྩེ་གྲྭ་ཚང་།
345,37.05548,101.49820,5,Ganden Rinchen Ling,དགའ་ལྡན་རིན་ཆེན་གླིང་།
346,36.57999,102.48028,5,Pari Tashi Choling,དཔའ་རི་བཀྲ་ཤིས་ཆོས་གླིང་།
348,29.698857,91.133409,5,Sera Je,སེ་ར་བྱེས།
349,29.697918,91.132078,5,Sera Me,སེ་ར་སྨད།
352,31.483,79.798,1,Toling,མཐོ་ལྡིང་།
353,,,5,To Jayul Monastery,སྟོད་བྱ་ཡུལ་དགོན་པ།
354,34.59525,103.50381,2,Chone,ཅོ་ནེ།
355,29.676052,91.047650,5,Loseling,བློ་གསལ་གླིང་།
357,,,5,Pakmo Chode,ཕག་མོ་ཆོས་སྡེ།
358,36.14838,101.876924,2,Jakhyung,བྱ་ཁྱུང་།
360,34.70963,103.79801,5,Tsador,ཚ་རྡོར།
361,34.56912,102.55889,5,Shitsang Gonsar,ཤིས་ཚང་དགོན་གསར།
362,34.25134,101.27828,5,Ngulra,དངུལ་རྭ།
363,34.08551,102.63381,5,Ganden Shedrub Pekar Drolwai Ling,དགའ་ལྡན་བཤད་སྒྲུབ་པད་དཀར་གྲོལ་བའི་གླིང་།
364,34.98443,102.90041,5,Tso Gon Ganden Choling,གཙོས་དགོན་དགེ་ལྡན་ཆོས་གླིང་།
365,34.52444,102.84644,5,Mokru,རྨོག་རུ།
367,32.63323,103.10249,2,Muge Tashikhorlo,དམུ་དགེ་བཀྲ་ཤིས་འཁོར་ལོ།
368,33.00094,101.60638,2,Gomang,སྒོ་མང་།
369,27.86356,99.70452,2,Gyeltang,རྒྱལ་ཐང་།
370,,,5,Evaṃ Monastery,ཨེ་ཝཾ་དགོན༏་།
371,27.580195,90.774878,2,Petseling,པད་ཚལ་གླིང་།
372,35.654354,102.648981,4,Gori,དགོ་རི།
373,36.35462,102.29636,5,Drotsang,གྲོ་ཚང་དགོན།
374,35.508347,102.011267,1,Rongwo,རོང་བོ།
375,36.2347082,101.6917549,5,Ditsa Tashi Choding,དྷི་ཚ་བཀྲ་ཤིས་ཆོས་སྡིང་།
376,27.487683,89.899364,5,Wangdue Phodrang Dzong,དབང་འདུས་ཕོ་བྲང་རྫོང་།
378,,,5,Tubten Jago Pungpo,ཐུབ་བསྟན་བྱ་རྒོད་ཕུང་པོ།
380,27.550583,89.822727,5,Talo Sangngak Choling,རྟ་ལོག་གསང་སྔགས་ཆོས་གླིང་།
382,27.484303,90.165182,5,Gangteng,སྒང་སྟེང་།
383,27.504049,90.748764,5,Trakar Lhakhang,སྤྲ་མཁར་ལྷ་ཁང་།
385,27.251120638023302,89.54917742883593,5,Tsamdrak Monastery,མཚམས་བྲག་དགོན།
387,27.49003,89.634874,5,Tashichoedzong,བཀྲ་ཤིས་ཆོས་རྫོང་།
392,27.408259,89.399347,5,Gorina,གོ་རི་ན།
393,27.441119,89.376498,5,Kyichu Lhakhang,སྐྱིད་ཆུ་ལྷ་ཁང་།
396,35.64013,102.20000,5,Shel Monastery,ཤེལ་དགོན།
397,33.587202,102.949819,5,Dzoge,མཛོད་དགེ།
398,35.7503238,102.3459813,5,Bido Gonchen,བིས་མདོ་དགོན་ཆེན།
400,27.587778,90.737778,5,Tamshing Lhakhang,གཏམ་ཞིང་ལྷུན་གྲུབ་ཆོས་གླིང་།
401,35.86000,101.94446,5,Lamo Dechen,ལ་མོ་བདེ་ཆེན་།
404,31.092706,96.995321,5,Drugu,གྲུ་གུ་དགོན།
405,27.582152,89.863091,5,Punakha Dzong,སྤུངས་ཐང་བདེ་བ་ཅན།
406,27.502956,90.505755,5,Trongsa Dzong,ཀྲོང་གསར་རྫོང་།
407,32.75037,102.05579,5,Karchen,དཀར་ཆེན།
409,34.58937,103.24455,5,Gyakhar,རྒྱ་མཁར་དགོན།
410,34.58000,101.33000,5,Urge Dratsang,ཨུརྒེ་གྲྭ་ཚང་།
411,31.75000,100.20000,5,Tongkhor,སྟོང་འཁོར།
412,31.80651,98.58052,5,Parkhang,པར་ཁང་།
415,27.491918,89.565602,3,Pajoding,ཕ་ཇོ་སྡིངས།
416,34.59929,103.10802,5,Luchung Taktsang Gon,སྟག་ཚང་དགོན།
418,27.4565613,89.3893131,5,Sang Chokhor,གསང་ཆོས་འཁོར།
419,,,5,Tasho Pomdrak,ཁྲ་ཤོད་སྤོམ་བྲག།
420,30.00055,91.98757,5,Yangri Gar,ཡང་རི་སྒར།
421,32.23333,99.71667,5,Getse Tralek,དགེ་རྩེ་བཀྲ་ལེགས།
422,33.2248,98.0686,2,Gemang,དགེ་མང་།
423,29.71955,91.11701,5,Pabongkha Hermitage,ཕ་བོང་ཁ་རི་ཁྲོད།
426,31.51667,93.81667,5,Chakri Nyidrak,ཆགས་རི་ཉི་གྲགས།
427,30.648139,98.366486,5,Takmogang,སྟག་མོ་སྒང་།
430,,,5,Rakchab Sengri Dorje Yudzong,རཀ་ཆབ་སེང་རི་རྡོ་རྗེ་གཡུ་རྫོང་།
432,32.01667,99.11667,5,Gyarong Gon,རྒྱལ་རོང་དགོན།
434,35.95000,101.96000,5,Magur Namgyel Ling,རྨ་མགུར་རྣམ་རྒྱལ་གླིང་།
435,29.82363,91.86028,5,Chekha,འཆད་ཁ།
437,37.54184,100.09818,5,Kangtsa,རྐང་ཚ་།
439,32.13379,98.85002,5,Śrī Siṃha College,ཤྲཱི་སིངྷ་བཤད་གྲྭ།
440,36.53000,101.15000,5,Tongkhor,སྟོང་འཁོར།
441,36.95000,102.50000,5,Chorten Tang Tashi Dargye Ling,མཆོད་རྟེན་ཐང་བཀྲ་ཤིས་དར་རྒྱས་གླིང་།
442,36.15132,101.07680,5,Chunak Tashi Choling,ཆུ་ནག་བཀྲ་ཤིས་ཆོས་གླིང་།
443,29.65234,91.10838,4,Chakpori,ལྕགས་པོ་རི།
444,33.23333,98.06667,5,Gegong,དགེ་གོང་།
445,31.64372,98.9662,5,Khamshe,ཁམས་བྱེད།
446,29.089079,88.975784,5,Nyang Tarpa Ling,མྱང་ཐར་པ་གླིང་།
447,31.66667,99.68333,5,Lang Na,གླང་སྣ།
448,28.75000,100.21667,2,Drango,བྲག་མགོ་དགོན།
449,30.96667,100.31667,5,Chagdud,ལྕགས་མདུད།
450,30.96667,100.20000,5,Kelzang Sanggye Choling,བསྐལ་བཟང་སངས་རྒྱས་ཆོས་གླིང་།
452,31.00000,100.31667,5,Tsogyel Jomo,མཚོ་རྒྱལ་ཇོ་མོ།
453,28.95000,87.63333,5,Tubten Gepel,ཐུབ་བསྟན་དགེ་འཕེལ།
455,33.683074,99.4581798,5,Pel Nyenmo Ri Namgyel,དཔལ་སྙན་མོ་རི་རྣམ་རྒྱལ།
459,35.06531,102.88647,5,Khagya Me Monastery,ཁ་གྱ་སྨད་དགོན
463,,,5,Yi,གཡི།
465,35.437825,102.572199,5,Gangya Drakkar Gon,རྒན་རྒྱ་བྲག་དཀར་དགོན།
466,29.45252,92.72956,5,Chokhor Gyel,ཆོས་འཁོར་རྒྱལ།
467,,,5,Tsagen Peshing,ཚ་གན་པེ་ཤིང་།
468,34.689193,100.655994,2,Ragya,རྭ་རྒྱ།
469,33.140498,97.923975,5,Sershul,སེར་ཤུལ།
471,,,5,Junyung Hermitage,འཇུ་ཉུང་རི་ཁྲོད།
472,31.64865,98.79584,2,Pelpung,དཔལ་སྤུངས།
473,,,5,Kaṁpo Nenang,ཀཾ་པོ་གནས་ནང་།
474,35.88000,101.97678,5,Ngagar Jangchub Ling,རྔ་སྒར་བྱང་ཆུབ་གླིང་།
476,30.48333,101.48333,5,Gartar,མགར་ཐར།
479,35.21060,102.83985,5,Terlung Yiga Chodzin Ling,གཏེར་ལུང་ཡིད་དག་ཆོས་འཛིན་གླིང་།
480,34.80092,102.67969,5,Amchok Monastery,ཨ་མཆོག་དགོན།
481,35.494683,102.284510,5,Gartse Tubten Chokhor Ling,འགར་རྩེ་ཐུབ་བསྟན་ཆོས་འཁོར་གླིང་།
482,35.22746,102.65970,5,Martang Obten,མར་ཐང་ཨོབ་བསྟན་དགོན་པ།
484,32.91434,101.69242,2,Kirti,ཀིརྟི།
485,29.24915,91.79376,5,Tsetang,རྩེད་ཐང་།
488,,,5,Wangda,དབང་མདའ།
489,,,5,Denang Monastery,སྡེ་ནང་དགོན།
490,,,5,Tongkyab,སྟོང་སྐྱབས།
496,35.37296,101.95000,5,Dedzom Gatsel,བདེ་འཛོམས་དགའ་ཚལ།
497,35.350908,101.885348,5,Dzongkar,རྫོང་དཀར།
499,35.70587,102.35251,5,Dopuk,རྡོ་ཕུག།
501,35.648363,102.655118,5,Angang,ཨ་འགང་།
504,35.76000,102.28000,5,Karing,ཀ་རིང་།
509,,,5,Gome Oseltang,སྒོམ་མེད་འོད་གསལ་ཐང་།
512,33.00972,97.01750,2,Jyegu Dondrub Ling,སྐྱེ་དགུ་དོན་གྲུབ་གླིང་།
513,,,5,Tum,གཏུམ།
514,29.41667,86.88333,5,Se Trazang,སེ་བཀྲ་བཟང་།
515,,,5,Sang Ngak Tekchokling,གསང་སྔགས་ཐེག་མཆོག་གླིང་།
516,29.35536,91.13459,5,Guru Pema Evaṁ Chokgar,གུ་རུ་པདམ་ཨེ་ཝཾ་ལཆོག་སྒར།
518,31.00000,100.31667,5,Jazi,ཇ་བཟི་།
519,30.90000,99.65000,5,Tromge Gon,ཁྲོམ་དགེ་དགོན།
520,34.61000,98.26000,5,Horkor Gon,ཧོར་སྐོར་དགོན།
522,,,5,Gegyel Dzogchen,དགེ་རྒྱལ་རྫོགས་ཆེན་།
523,29.258865,91.458071,5,Monkhar Namseling,མོན་མཁར་རྣམ་སྲས་གླིང་།
524,,,5,Yangcho Sangcho Pema Lhunding,ཡང་ཆོས་གསང་ཆོས་པདམ་ལྷུན་སྡིངས།
525,32.11666,100.46667,5,Nubzur Gon,གནུབས་ཟུར་དགོན་པ།
526,,,5,Changma Gar,ལྕང་མ་སྒར།
527,32.136742,100.464239,1,Larung Gar,བླ་རུང་སྒར།
529,28.38112,90.71995,5,Lhalung Gon,ལྷ་ལུང་དགོན།
530,,,5,Ganden Mipam Choling,དགའ་ལྡན་མི་ཕམ་ཆོས་གླིང་།
532,37.03000,101.81000,4,Tsenpo,བཙན་པོ།
533,36.59996,102.18059,5,Martsang Drak,དམར་གཙང་བྲག།
535,30.55000,96.63333,5,Pasho Gon,དཔའ་ཤོད་དགོན་པ།
536,29.65650701,91.10623772,5,Kundeling,ཀུན་བདེ་གླིང་།
538,28.39562,92.35266,5,Nyel Drewule Gon,གཉལ་དྲེའུ་ལྷས་དགོན།
540,,,5,Ganden Shedrub Ling,དགའ་ལྡན་བཤད་སྒྲུབ་གླིང་།
544,31.56667,97.13333,5,Gingtang Gon,གིང་ཐང་དགོན།
546,29.45000,88.25000,5,Zhe Dratsang,བཞད་གྲྭ་ཚང་།
547,32.30000,99.75000,5,Khanon Gon,ཁ་ནོན་དགོན།
548,,,5,Kyo,སྐྱོད།
549,,,5,Ram,རམ།
551,,,5,Gyere,གྱེ་རེ།
553,28.43163,91.47381,5,Mawochok,སྨྲ་བོ་ལྕོགས།
557,29.80000,101.51667,5,Rikhud,རི་ཁུད།
560,28.85000,85.73333,5,Pelmo Choding,དཔལ་མོ་ཆོས་སྡིངས་།
561,28.13333,87.11667,2,Shelkar Chode,ཤེལ་དཀར་ཆོས་སྡེ།
563,29.30206,90.73485,5,Chakzam Chuwori,ལྕགས་ཟམ་ཆུ་བོ་རི།
564,28.973832,90.472809,5,Samding Monastery,བསམ་སྡིངས་དགོན་པ།
565,35.54175,102.24534,5,Yama Tashikhyil,གཡའ་མ་བཀྲ་ཤིས་འཁྱིལ།
566,39.94593,116.41104,1,Yonghegong,དགའ་ལྡན་བྱིན་ཆགས་གླིང་།
567,33.2723125,100.6556316,5,Dartang,དར་ཐང་།
571,31.677975,98.628253,5,Alo Peljor Gon,ཨ་ལོ་དཔལ་འབྱོར་དགོན།
572,29.698147,91.136113,5,Sera Choding,སེ་ར་ཆོས་སྡིངས།
573,,,5,Segyu Dratsang,སྲད་རྒྱུད་གྲྭ་ཚང་།
574,,,5,Lhunpo Tse,ལྷུན་པོ་རྩེ།
576,,,5,Lhadong Gon,ལྷ་གདོང་དགོན།
577,,,5,Tong,སྟོང་།
578,,,5,Yudra,གཡུ་སྒྲ།
580,,,5,Yungok,གཡུ་རྔོག།
582,,,5,Namseling,རྣམ་སྲས་གླིང་།
590,29.5117,91.1543,5,Chakar,འཆད་དཀར།
591,,,5,Samling Monastery,བསམ་གླིང་།
598,,,5,Adro,ཨ་གྲོ།
599,30.05281,90.44358,5,Yangpachen,ཡངས་པ་ཅན།
600,,,5,Arik,ཨ་རིག།
601,,,5,Ban,བན།
603,28.902856,88.017310,1,Sakya,ས་སྐྱ།
605,,,5,Chakhung,ལྕག་ཁུང་།
606,,,5,Depa Tonpo,སྡེ་པ་མཐོན་པོ།
607,,,5,Dru ('dru),འདྲུ།
612,29.30000,88.20000,5,Bodong E,བོ་དོང་ཨེ།
614,,,5,Akyong,ཨ་སྐྱོང་།
615,29.25615,90.81532,5,Gongkar Chode,གོང་དཀར་ཆོས་སྡེ།
618,29.08333,87.60000,5,Sekharchung,སེ་མཁར་ཆུང་།
619,,,5,Dra,སྦྲ།
621,32.68000,100.93000,5,Golok Getse,མགོ་ལོག་དགེ་རྩེ།
622,,,5,Dzeng,འཛེང་།
623,,,5,Ga (rgwa),རྒྭ།
625,,,5,Kyasu,སྐྱ་སུ།
628,,,5,Meu,རྨེའུ།
629,,,5,Me,མེ།
630,,,5,Mukpo,སྨུག་པོ་ལྡོང་།
635,,,5,Nyakshul,ཉག་ཤུལ།
636,,,5,Nyo,གཉོས།
640,,,5,Rok,ཪོག།
643,,,5,Trokho Numai Pelshul,ཁྲོ་ཁོ་ནུ་མའི་དཔལ་ཤུལ།
644,,,5,Tukwan,ཐུའུ་བཀྭན།
645,,,5,Zhak,བཞག།
647,,,5,Ju,འཇུ།
649,,,5,Begu,བེ་གུ།
650,31.4273,95.57874,5,Khyungpo Tengchen,ཁྱུང་པོ་སྟེང་ཆེན།
653,,,5,Shingkhamga,ཤིང་ཁམས་སྒ།
657,29.1171072,88.9678218,5,Ripuk Hermitage,རི་ཕུག་རི་ཁྲོད།
667,,,5,Mu,རྨུ།
670,,,5,Zhiwatsang,ཞི་བ་ཚང་།
671,,,5,Doring,རྡོ་རིང་།
672,29.193858,91.77224,3,Trandruk,ཁྲ་འབྲུག།
673,34.09907,102.74087,5,Khangsar,ཁང་གསར།
674,,,5,Kyuchok,ཁྱུ་མཆོག།
679,32.22330,101.93877,5,Gyu,རྒྱུས།
680,,,5,Ngupa,རྔུ་པ།
682,29.45000,89.26667,5,Tsedong,རྩེ་གདོང་།
683,,,5,Bitsa,སྦི་ཚ།
687,30.06667,95.61667,5,Pulung Rinchen Ling,ཕུ་ལུང་རིན་ཆེན་གླིང་།
688,12.4307034,75.9663372,5,Namdroling,རྣམ་གྲོལ་གླིང་།
691,,,5,Yabzhi Sampo,ཡབ་གཞིས་བསམ་ཕོ་།
697,32.58333,100.53333,5,Nyenlung,སྙན་ལུང་དགོན།
699,,,5,Zhuchen Monastery,ཞུ་ཆེན་དགོན་པ།
700,32.00294,97.56653,5,Simda Dzogchen Monastery,སྲིབ་མདའ་རྫོགས་ཆེན་དགོན།
701,34.18644266822758,77.48940397960378,5,Phyang,སྒང་སྔོན་བཀྲ་ཤིས་ཆོས་རྫོང་།
702,32.26297,96.82353,5,Zurmang Namgyeltse,ཟུར་མང་རྣམ་རྒྱལ་རྩེ།
703,33.37715,97.04449,5,Kham Kyogon,ཁམས་སྐྱོ་དགོན།
704,,,5,Tashi Gang,བཀྲ་ཤིས་སྒང་།
710,,,5,Zhije and Chod,ཞི་བྱེད་དང་གཅོད།
711,28.514666,86.486207,5,Dingri Langkhor,དིང་རི་གླང་འཁོར།
713,29.16123,91.27114,5,Nyedo Monastery,སྙེ་མདོ་དགོན།
716,35.5027238,99.7997552,3,Drakkar Treldzong,བྲག་དཀར་སྤྲེལ་རྫོང་།
717,29.65292,91.13318,5,Pabongkha Labrang,ཕ་བོང་ཁ་བླ་བྲང་།
718,32.73787,102.04771,3,Amchok Tsenyi,ཨ་མཆོག་མཚན་ཉིད་དགོན།
719,32.093798,78.382473,5,Tabo,ཏ་པོ་དགོན།
720,31.28333,97.51667,5,Khampa Gar,ཁམས་པ་སྒར།
721,32.069350,94.183474,5,Yeta Lungkar,ཡེ་ཐ་ལུང་དཀར་དགོན།
722,29.6528,91.13274,5,Meru Nyingpa,རྨེ་རུ་རྙིང་པ།
723,29.6544,91.12863,5,Tengyeling,བསྟན་རྒྱས་གླིང་།
724,29.65693,91.13013,5,Tsemonling,ཚེ་སྨོན་གླིང་།
728,29.65194,91.13318,5,Surkhang Manor House,ཟུར་ཁང་གཟིམས་ཤག།
729,29.6514,91.13453,5,Horkhang Manor House,ཧོར་ཁང་གཟིམས་ཤག།
804,34.23996,102.87845,5,Ganden Jangchub Chopel Ling,དག་ལྡན་བྱང་ཆུབ་ཆོས་འཕེལ་གླིང་།
805,38.0642210,100.4512624,5,Arik Gonchen,ཨ་རིག་དགོན་ཆེན།
806,36.338471,101.908768,5,Shadzong Ritro,ཤྭ་རྫོང་རི་ཁྲོད།
807,32.95209,97.04072,5,Trangu,ཁྲ་འགུ་དགོན་།
808,29.425068,88.296453,5,Rigyel,རི་རྒྱལ་དགོན།
809,28.93333,99.80000,2,Chatreng,ཆ་ཕྲེང་།
810,30.01113,99.10798,5,Batang Chode,འབའ་ཐང་ཆོས་སྡེ།
811,28.11670,91.13106,5,Khoting Lhakhang,ཁོ་ཐིང་ལྷ་ཁང་།
812,37.28000,102,5,Semnyi,སེམས་ཉིད་དགོན།
813,30.80886,95.65077,5,Shopamdo,ཤོ་པ་མདོ་དགོན།
814,30.91516,94.68369,5,Pelbar,དཔལ་འབར་དགོན།
815,35.99773,103.214493,5,Jampa Bumling,བྱམས་པ་བུམ་གླིང་།
816,28.81676,83.87137,5,Muktinath,ཆུ་མིག་རྒྱ་མཚོ།
821,34.282778,76.774444,5,Lamayuru,བླ་མ་གཡུང་དྲུང་དགོན་པ།
822,30.1536146,92.1665408,3,Terdrom,གཏེར་སྒྲོམ་དགོན།
823,29.68767,90.95043,3,Gadong,དགའ་གདོང་།
824,28.90000,89.56667,5,Changra,ལྕང་ར།
825,29.01667,87.65000,5,Mugulung,མུ་གུ་ལུང་།
826,30.61667,98.96667,5,Nyingon,ཉིན་དགོན་དགོན།
827,29.40700,90.61611,5,Chushur Tarpa Ling,ཆུ་ཤུར་ཐར་པ་གླིང་།
828,28.36870,90.66302,5,Layak Guru Lhakhang,ལ་ཡག་གུ་རུ་ལྷ་ཁང་།
829,29.44823,92.35815,5,Dzingchi,རྫིང་ཕྱི་ཆོས་སྡེ།
831,37.11667,103.48333,5,Taklung Ganden Damcho Ling,སྟག་ལུང་དགའ་ལྡན་དམ་ཆོས་གླིང་།
834,,,5,Kharta Tarpa Ling,མཁར་རྟ་ཐར་པ་གླིང་།
837,29.413360,90.191515,5,Gyelje,རྒྱལ་བྱེད་དགོན།
838,29.023758,89.4563253,5,Drongtse,འབྲོང་རྩེ།
839,29.211985,89.854064,5,Rong Jamchen,རོང་བྱམས་ཆེན་དགོན།
840,29.37749,92.36591,5,Wolkha Cholung,འོལ་ཁ་ཆོས་ལུང་།
841,29.68705,91.10852,5,Drakri Hermitage,བྲག་རི་རི་ཁྲོད།
842,29.693339,91.053467,5,Gepel Hermitage,དགེ་འཕེལ་རི་ཁྲོད།
843,29.65194,91.13108,5,Kyitopa Manor House,སྐྱིད་སྟོད་པ་གཟིམས་ཤག།
844,29.65151,91.13318,5,Pangdatsang Manor House,སྤོམ་མདའ་གཟིམས་ཤག།
845,29.65191,91.1314,5,Sampho Manor house,བསམ་གྲུབ་ཕོ་བྲང་གཟིམས་ཤག།
846,29.65533,91.13091,5,Punkhang Manor House,ཕུན་ཁང་གཟིམས་ཤག།
847,29.65516,91.13151,5,Changlochen Manor House,ལྕང་ལོ་ཅན་གཟིམས་ཤག།
848,29.65241,91.13498,5,Palha Manor House,ཕ་ལྷ་གཟིམས་ཤག།
849,29.65148,91.13567,5,Namseling Manor House,རྣམ་སྲས་གླིང་གཟིམས་ཤག།
850,29.65424,91.13246,5,Shakabpa Manor House,ཞྭ་སྒབ་པ་གཟིམས་ཤག།
851,29.65379,91.13643,5,Tethong Manor House,བཀྲས་མཐོང་གཟིམས་ཤག།
852,29.65271,91.13022,5,Doring Manor House,རྡོ་རིང་གཟིམས་ཤག།
853,29.65624,91.1023,5,Tsarong Manor House,ཚ་རོང་གཟིམས་ཤག།
855,29.65342,91.12571,5,Yuthok Manor House,གཡུ་ཐོག་གཟིམས་ཤག།
857,29.654329,91.128043,5,Lhalu Podrang,ལྷ་ཀླུའི་ཕོ་བྲང་།
858,29.653264,91.1336,5,Dechen Rabten Manor House,བདེ་ཆེན་རབ་བརྟན།
860,29.70598,91.13696,5,Keutsang West Hermitage,ཀེའུ་ཚང་ནུབ་རི་ཁྲོད།
861,29.360014,89.647113,5,Yungdrung Ling,གཡུང་དྲུང་གླིང་དགོན།
862,29.73638,91.27963,3,Drak Yerpa,བྲག་ཡེར་པ།
863,29.44222,91.24727,5,Drak Yongdzong,བསྒྲགས་ཡོང་རྫོང་།
865,29.65384,91.13808,5,Banak Zhol Gyelkhang,སྦྲ་ནག་ཞོལ་རྒྱལ་ཁང་།
866,29.65356,91.13261,5,Barkor Jampa Lhakhang,བར་སྐོར་བྱམས་པ་ལྷ་ཁང་།
867,29.65336,91.13253,5,Barkor Mani Lhakhang,བར་སྐོར་མ་ཎི་ལྷ་ཁང་།
868,29.65354,91.13319,5,Barkor Mani Lhakhang Shar,བར་སྐོར་མ་ཎི་ལྷ་ཁང་ཤར་།
869,,,5,Karchung Monastery,དཀར་ཆུང་།
870,29.656344,91.122926,5,Taktser,སྟག་མཚེར།
871,29.615111,91.137553,5,Drib Tsechok Ling,གྲིབ་ཚེ་མཆོག་གླིང་།
872,29.651868,91.133318,5,Palden Lhamo Shrine,དཔལ་ལྷའི་ཚ་ཁང་།
873,29.6560932,91.1074767,5,Gesar Lhakhang,གེ་སར་ལྷ་ཁང་།
874,29.656,91.13243,5,Jebumgang Lhakhang,རྗེ་འབུམ་སྒང་ལྷ་ཁང་།
875,29.6524,91.13538,5,Karmashak Tsenkhang,ཀརྨ་ཤག་བཙན་ཁང་།
877,29.65285,91.1318,5,Lhasa Tsuklakhang,ལྷ་ས་གཙུག་ལག་ཁང་།
878,29.660400,91.117799,3,Lukhang,ཀླུ་ཁང་།
879,29.651705,91.129967,5,Lingtsang Labrang,གླིང་ཚང་བླ་བྲང་།
880,29.65554,91.135,5,Meru Dratsang,རྨེ་རུ།
881,,,5,Tsokha Monastery,མཚོ་ཁ་དགོན་པ།
882,29.650032,91.131217,5,Trijang Labrang,ཁྲི་བྱང་བླ་བྲང་།
883,29.650440,91.133024,5,Kunsangtse,ཀུན་བཟང་རྩེ།
884,29.655268,91.128515,5,Demo Labrang,དེ་མོ་བླ་བྲང་།
887,29.657419,91.118395,5,Armory,དམག་སྤྱི་ཁང་།
888,29.656981,91.118845,5,Treasury,དངུལ་པར་ཁང་།
889,29.656469,91.119078,5,Shol Printery,ཞོལ་སྤར་ཁང་།
890,29.656927,91.116965,5,Shol Office,ཞོལ་པ་ལས་ཁུངས།
892,29.657931,91.116609,5,Namgyel,རྣམ་རྒྱལ།
893,29.671585,91.055894,5,Nechung,གནས་ཆུང་།
894,29.65628,91.1324,5,Northern Rigsum Gonpo Lhakhang,བྱང་རིགས་གསུམ་མགོན་པོའི་ལྷ་ཁང་།
895,29.65098,91.13646,5,South-Eastern Rigsum Gonpo Shrine,ལྷོ་ཤར་རིགས་གསུམ་མགོན་པོའི་ལྷ་ཁང་།
896,29.65206,91.12931,5,South-Western Rigsum Gonpo Lhakhang,ལྷོ་ནུབ་རིགས་གསུམ་མགོན་པོའི་ལྷ་ཁང་།
897,29.65014,91.13212,5,Southern Rigsum Gonpo Lhakhang,ལྷོ་རིགས་གསུམ་མགོན་པོའི་ལྷ་ཁང་།
898,29.65086,91.13336,5,Rabsel Tsenkhang,རབ་གསལ་བཙན་ཁང་།
899,29.65862,91.13043,5,Ramoche,ར་མོ་ཆེ་གཙུག་ལག་ཁང་།
900,29.65648,91.12889,5,Shide Dratsang,བཞི་སྡེ་གྲྭ་ཚང་།
902,29.651044,91.132091,5,Shatra,གཟིམས་ཤག་བཤད་སྒྲ།
903,29.65388,91.13312,5,Tromsikhang,གྲོམ་གཟིགས་ཁང་།
904,29.65352,91.1324,5,Nangtseshar,སྣང་རྩེ་ཤར།
905,29.657925,91.117313,1,Potala,པོ་ཏ་ལ།
906,29.65431,91.09005,3,Norbulingka,ནོར་བུ་གླིང་ཁ།
907,29.69867,91.13256,5,Ngakpa Dratsang,སྔགས་པ་གྲྭ་ཚང་།
908,29.676052,91.048505,5,Drepung Deyang College,འབྲས་སྤུངས་བདེ་ཡངས་གྲྭ་ཚང་།
909,29.676679,91.046112,5,Ngakpa Dratsang,སྔགས་པ་གྲྭ་ཚང་།
910,34.03857,77.68443,5,Nyarma,མྱ་མ།
911,29.65454,91.13761,5,Darpoling Tsenkhang,དར་པོ་གླིང་བཙན་ཁང་།
912,29.65842,91.13146,5,Tsepak Lhakhang,ཚེ་དཔག་ལྷ་ཁང་།
913,29.65074,91.131,5,Trode Khangsar,སྤྲོ་བདེ་ཁང་གསར།
914,29.16264,91.79367,5,Riwo Choling,རི་བོ་ཆོས་གླིང་།
915,29.65385,91.12755,2,Mentsikhang,སྨན་རྩིས་ཁང་།
917,27.496531653495026,90.7469122134922,5,Nyimalung Monastery,ཉི་མ་ལུང་དགོན།
920,35.19341,102.50515,5,Labrang Kālacakra College,བླ་བྲང་དུས་འཁོར་གྲྭ་ཚང་།
921,35.19342,102.50643,5,Labrang Medical College,བླ་བྲང་སྨན་པ་གྲྭ་ཚང་།
922,35.19284,102.50494,5,Labrang Hevajra College,བླ་བྲང་ཀྱཻ་རྡོར་གྲྭ་ཚང་།
923,35.19409,102.50486,5,Mejung Tosam Ling,"ཊོསམ་ལིང,་རྨད་བྱུང་ཐོས་བསམ་གླིང་།"
924,36.48759,101.5654,5,Kumbum Tantric College,སྐུ་འབུམ་རྒྱུད་པ་གྲྭ་ཚང་།
925,36.48979,101.56663,5,Kumbum Medical College,སྐུ་འབུམ་སྨན་པ་གྲྭ་ཚང་།
926,36.48946,101.56673,5,Kumbum Kālacakra College,སྐུ་འབུམ་འདུས་འཁོར་གྲྭ་ཚང་།
927,36.4898,101.5666,5,Kumbum Debate College,
928,29.65625,91.13219,5,Zhitro Lhakhang,ཞི་ཁྲོའི་ལྷ་ཁང་།
931,,,5,Yabzhi Punkhang,ཡབ་གཞི་ཕུན་ཁང་།
932,,,5,Yabzhi Yuthok,ཡབ་གཞིས་གཡུ་ཐོག།
933,,,5,Yabzhi Lhalu (earlier),ཡབ་གཞིས་ལྷ་ཀླུ།
934,28.90844,88.02076,5,Zhitok Labrang,གཞི་ཐོག་བླ་བྲང་།
935,,,5,Rinchen Gang Labrang,རིན་ཆེན་སྒང་བླ་བྲང་།
936,28.9056,88.01753,5,Ducho Labrang,དུས་མཆོད་བླ་བྲང་།
937,28.90506,88.01787,5,Lhakhang Labrang,ལྷ་ཁང་བླ་བྲང་།
938,28.905901,88.018213,5,Dolma Podrang,སྒྲོལ་མ་ཕོ་བྲང་།
939,28.90786,88.02734,5,Puntsok Podrang,ཕུན་ཚོགས་ཕོ་བྲང་།
941,35.508196,102.008,5,Rongwo Tantric College,རོང་པོ་རྒྱུད་པ་གྲྭ་ཚང་།
942,35.509265,102.008162,5,Rongwo Kālacrakra College,རོང་པོ་དུས་འཁོར་གྲྭ་ཚང་།
943,29.05000,87.63333,5,Samdrub Gonsar,བསམ་གྲུབ་དགོན་གསར།
944,,,5,Ngangkyel Chode,ངང་སྐྱལ་ཆོས་སྡེ།
947,47.9263833333,106.9171667,2,Ikh Khuree,ད་ཁུ་རེ་དགོན།
949,,,5,Tashi Tongmon,བཀྲ་ཤིས་མཐོང་སྨོན།
951,29.37653,91.55079,3,Chimpu,མཆིམས་ཕུ།
952,,,5,Tanak Dorjeden,རྟ་ནག་རྡོ་རྗེ་གདན།
954,31.05000,99.28333,5,Dzaka,ཛཿཀ་དགོན།
955,31.864878,99.279519,5,Tsashul,རྩ་ཤུལ་དགོན།
956,,,5,Ngedongyi Chozhi Gonde,ངེས་དོན་གྱི་ཆོས་གཞི་དགོན་སྡེ།
957,32.7912688,100.0581569,5,Dartsang Kelzang Monastery,བརྡ་ཚང་བསྐལ་བཟང་དགོན།
958,29.80705,91.82544,5,Gyelteng Monastery,རྒྱལ་སྟེང་དགོན།
959,29.79600,91.91836,5,Pangsa Monastery,སྤང་ས་དགོན།
960,29.40923,92.42286,5,Olkha Samling,འོལ་ཁ་བསམ་གླིང་།
962,29.35331,91.84210,5,Tashi Dokha,བཀྲ་ཤིས་རྡོ་ཁ།
964,,,5,Lekshe Ling,ལེགས་བཤད་གླིང་།
968,27.288684,88.561993,5,Rumtek,རུམ་ཐེག།
970,,,5,Rudam Yangwen Sengdruk Puk,རུ་དམ་ཡང་དབེན་སེང་ཕྲུག་ཕུག།
974,31.658689,98.800306,5,Tsādra,ཙཱ་འདྲ།
976,,,5,Dzamtang Gepel Hermitage,དགེ་འཕེལ་རི་ཁྲོད།
977,,,5,Yutok Monastery,གཡུ་ཐོག་དགོན།
979,34.82834,102.84132,5,Bora,འབོ་ར།
981,27.8634,99.70396,5,Tsongkhapa Lhakhang,ཙོང་ཁ་པ་ལྷ་ཁང་།
982,36.003092,100.221358,5,Tege,ཐེ་གེ།
983,37.191944,103.384214,5,Pari Drigung,འབྲི་གུང་།
984,47.922404,106.895889,5,Tashi Chopel Dratsang,བཀྲ་ཤིས་ཆོས་འཕེལ་གྲྭ་ཚང་།
985,30.00458,99.10629,5,Jakhyung Rito Pendeling,བྱ་ཁྱུང་རི་སྟོད་ཕན་བདེ་གླིང་།
987,,,5,Kyoda Monastery,སྐྱོ་མདའ་དགོན།
988,32.522571,103.603065,5,Serwo,སེར་བོ།
989,31.46547,99.16122,3,Dzongsho,རྫོང་ཤོད།
991,28.93323,99.80075,5,Tsongkhapa Hall,
992,,,5,Wenne Gurulung,དབེན་གནས་གུ་རུ་ལུང་།
995,,,5,Kyipuk Deden,སྐྱིད་ཕུག་བདེ་ལྡན།
996,,,5,Bardrok Dorje Ling,བར་འབྲོག་རྡོ་རྗེ་གླིང་།
997,,,5,Bamo Choding,སྦ་མོ་ཆོས་སྡིངས།
999,,,5,Mokpa Lhatse,མོག་པ་ལྷ་རྩེ།
1000,29.16667,89.60000,5,Zurlung Pelchen Lhakhang,ཟུར་ལུང་དཔལ་ཆེན་ལྷ་ཁང་།
1001,,,5,Nekhar Monastery,གནས་མཁར་དགོན།
1002,33.15463,96.92091,5,Raknyak,རག་ཉག་དགོན།
1005,,,5,Jakrong,ཇག་རོང་།
1010,30.85000,99.85000,5,Tsopu,མཚོ་ཕུ་དགོན།
1012,,,5,Nyamyo Jashong Monastery,མཉམ་ཡོད་བྱ་གཤོང་།
1013,30.77707,99.03711,5,Garje,སྒ་རྗེ་བདེ་ཆེན་དགོན།
1016,29.9992,100.26683,5,Litang Nyingma Dratsang,ལི་ཐང་རྙིང་མ་གྲྭ་ཚང་།
1017,31.28333,97.51667,5,Drugu Gon,གྲུ་གུ་དགོན།
1018,,,5,Langling Monastery,གླང་གླིང་དགོན།
1020,,,5,Tashi Choling Hermitage,བཀྲ་ཤིས་ཆོས་གླིང་རི་ཁྲོད།
1021,29.72012,91.12324,5,Chubzang Hermitage,ཆུ་བཟང་རི་ཁྲོད།
1022,29.65082,91.13381,5,Tsamkhung Convent,མཚམས་ཁུང་དགོན།
1024,36.48923,101.56659,5,Kumbum Printing Press,སྐུ་འབུམ་པར་ཁང་།
1025,,,5,Nalatse Nepoche,ན་ལ་ཙེ་གནས་པོ་ཆེ།
1036,,,5,Menkhar Pende Ling,སྨན་མཁར་ཕན་བདེ་གླིང་།
1038,34.48999,103.59457,5,Nakdo,ནགས་མདོ།
1041,35.67295,101.3948,5,Banshul,བན་ཤུལ་དགོན་བཤད་སྒྲུབ་རིན་ཆེན་གླིང་།
1042,35.85739,101.56157,5,Nyegon,རྙེ་དགོན།
1043,34.48175,102.13863,5,Datsen,མདའ་ཚན་དགོན་བཀྲ་ཤིས་དགའ་ལྡན་གླིང་།
1044,35.5612399,102.0561142,5,Sengge Shong Mago,སེངྒེ་གཤོང་མ་མགོ།
1045,35.5566733,102.0520319,5,Sengge Shong Yago,སེངྒེ་གཤོང་ཡ་མགོ།
1046,31.68915,99.00742,5,Rongme Karmo Taktsang,རོང་མེ་དཀར་མོ་སྟག་ཚང་།
1047,,,5,Surkhang,ཟུར་ཁང་།
1049,52.011598,108.286138,5,Atsagat Datsan,དགའ་ལྡན་དར་རྒྱས་གླིང་།
1051,29.984113,91.902965,5,Nyima Changra,ཉི་མ་ལྕང་རའི་བཤད་གྲྭ།
1052,,,5,Kalapa,ཀ་ལ་པ་རི་ཁྲོད།
1053,,,5,Namkha Dzod,ནམ་མཁའ་མཛོད།
1054,34.62221,103.34090,5,Chepa Darge Gon,ཆས་པ་དར་དགེ།
1055,59.983473,30.255957,2,Datsan Gunzechoinei,
1056,32.30000,98.93333,5,Lek Gon,ལེགས་དགོན།
1063,,,5,Sadutshang,ས་འདུ་ཚང་།
1065,25.136667,85.443889,2,Nālandā,ནཱ་ལེནྡྲ།
1066,27.530631,90.687253,5,Tarpa Ling,འབྲུག་ཡུལ་ཐར་པ་གླིང་།
1068,,,5,Chubar Hermitage,ཆུ་བར།
1069,,,5,Ngodu Monastery,ངོ་འདུ་དགོན།
1070,32.474838,99.841551,5,Sera Tekchen Chokhorling,སེ་ར་ཐེག་ཆེན་ཆོས་འཁོར་གླིང་།
1071,32.95000,100.71000,5,Bennak,པན་ནག།
1072,27.676971,89.839581,5,Seula Chokhor Dorjeden,སེའུ་ལ་ཆོས་འཁོར་རྡོ་རྗེ་ལྡན།
1073,27.193971,86.634624,5,Māratika,མཱ་ར་ཏི་ཀ།
1077,,,5,Rigo Tashi Chodzong Castle,རི་སྒོ་བཀྲ་ཤིས་ཆོས་རྫོང་།
1078,,,5,Kheme,ཁེ་སྨད།
1081,31.633889,76.833333,5,Tso Pema,མཚོ་པད་མ།
1082,28.801011,91.950907,5,Yarlha Shampo,ཡར་ལྷ་ཤམ་པོ།
1083,28.415330,98.711373,5,Khawa Karpo,ཁ་བ་དཀར་པོ།
1084,31.0477,81.3137,5,Kailash,གངས་རིན་པོ་ཆེ།
1085,28.587825,93.262851,5,Tsāri,ཙཱ་རི
1086,34.7983,99.4625,5,Amnye Machen,ཨ་མྱེས་རྨ་ཆེན།
1087,31.776732,95.037260,5,Khapung,ཁ་སྤུངས།
1088,,,5,Trewel Ude,ཀྲེ་ཝེལ་དུ་སྡེ།
1089,31.67092,79.831478,5,Dungkar,དུང་དཀར།
1090,,,5,Nya,གཉའ།
1091,34.85179,103.41585,5,Khyage,ཁྱ་དགེ་དགོན།
1092,,,5,Sadutshang Manor House,གཟིམས་ཤག་ས་འདུ་ཚང་།
1093,33.60744,104.51360,5,Ongsum,ཨོང་གསུམ།
1094,,,5,Tashi Yanggon,བཀྲ་ཤིས་ཡང་དགོན།
1095,,,5,Tosam Norbu Lhunpo,ཐོས་བསམ་ནོར་བུ་ལྷུན་པོ།
1096,,,5,Muksang,རྨུགས་སངས།
1099,27.07804,88.49385,5,Bhutan House,མི་འགྱུར་ངོན་དཔར་དག་བའི་ཕོ་བྲང་།
1100,,,5,Tashi Gepel Ling,བཀྲ་ཤིས་དགེ་འཕེལ།
1101,34.224131,77.169758,5,Lotsawa Lhakhang,ལོ་ཙཱ་བ་ལྷ་ཁང་།
1102,34.223707,77.175222,1,Alchi Chokhor,ཨ་ལྕི།
1103,34.293158,77.215105,2,Likir,ཀླུ་འཁྱིལ།
1104,31.93333,99.21667,5,Yilung Lhagyel,ཡིད་ལྷུང་ལྷ་རྒྱལ།
1105,31.65000,100.25000,5,Shukgang,ཤུག་སྒང་།
1106,31.55000,100.90000,5,Domang,མདོ་མང་།
1107,,,5,Tsangda Monastery,གཙང་མདའ།
1108,31.40000,100.66666,5,Dranggo,བྲག་འགོ།
1109,31.46667,100.55000,5,Janggang,འཇང་སྒང་།
1110,31.70000,100.86667,5,Rahor,ར་ཧོར།
1111,31.70000,100.86667,5,Tsangme Sengge,གཙང་སྨད་སེངྒེ།
1112,31.77443,101.01162,5,Sango,ས་འགོ།
1113,31.81296,101.06326,5,Kuntsar,ཀུན་མཚར།
1114,31.61207,97.98663,5,Dzigar,ཛི་དགར།
1115,,,5,Mersho Monastery,སྨར་ཤོད་དེའུ་དམར་ཟབ་རྒྱས་ཆོས་གླིང་།
1118,28.6547,86.8958,4,Tsibri,ཤྲི་རི།
1119,29.67575,91.04678,5,Sorik Dropen Ling,གསོ་རིག་འགྲོ་ཕན་གླིང་།
1120,29.46032,94.39299,5,Buchu Lhakhang,བུ་ཆུ་ལྷ་ཁང་།
1121,29.84924,91.74418,5,Katsel,བཀའ་ཚལ།
1122,29.1627,87.6960,5,Drampagyang,རུ་གནོན་གྲམ་པ་རྒྱང་།
1123,29.356799,89.495343,5,Tsangdram,གཙང་འགྲམ།
1124,29.6516623,84.1752254,5,Traduntse,པྲ་དུན་རྩེ།
1125,28.423339,85.294465,5,Jamtrin Lhakhang,བྱམས་སྤྲིན་ལྷ་ཁང་།
1126,,,5,Menlung Trengpachen,སྨན་ལུང་ཕྲེང་བ་ཅན།
1128,,,5,Sakya Mendrong,ས་སྐྱ་སྨན་གྲོང་།
1131,,,5,Zara Monastery,ཟྭ་ར་དགོན་པ།
1132,,,5,Tsarong,ཚ་རོང་།
1133,31.48333,99.30000,5,Kharak,ཁ་རག།
1134,28.600552,86.735879,5,Tsibri,རྩིབ་རི།
1135,,,5,Barom Kagyu,འབའ་རོམ་བཀའ་བརྒྱུད།
1136,29.2469,90.3156,5,Kharak,ཁ་རག།
1137,,,5,Draksum Puri,བྲག་གསུམ་སྤུ་རིའི་དགོན་པ།
1138,,,5,Hangri Drubde,ཧང་རི་སྒྲུབ་སྡེ།
1140,39.0792,113.5647,1,Wutai Shan,རི་བོ་རྩེ་ལྔ།
1141,35.59952,102.21921,5,Zhohong,ཞོ་འོང་།
1142,36.8845361,100.2004803,5,Kokonor,མཚོ་སྔོན་པོ།
1143,,,5,Tosamling College,ཐོས་བསམ་གླིང་གྲྭ་ཚང་།
1144,27.3083,88.2981,5,Drakar Tashiding,བྲག་དཀར་བཀྲ་ཤིས་སྡིངས།
1145,27.49192,89.36333,5,Paro Taktsang,སྤ་གྲོ་སྟག་ཚང་།
1147,35.19692,102.91018,5,Menlung Tashi Chopel Ling,སྨན་ལུང་དགོན་བཀྲ་ཤིས་ཆོས་འཕེལ་གླིང་།
1148,33.47343,102.28278,5,Tseuruma Serde,མཚེའུ་རུ་མའི་སེར་སྡེ།
1150,39.92799,116.40383,5,Zungchu Zi,ཟུང་ཅུ་ཟི།
1151,29.26926,92.02390,5,Zangri Kangmar,ཟངས་རི་ཁང་དམར།
1152,36.68239,102.21172,5,Chubzang Hermitage,ཆུ་བཟང་རི་ཁྲོད།
1154,,,5,Drakteng Monastery,བྲག་སྟེང་དགོན།
1157,29.13939,91.30986,5,Dingpoche,སྡིངས་པོ་ཆེ།
1158,24.695102,84.991275,1,Bodhgaya,རྡོ་རྗེ་གདན།
1161,,,5,Tsang Chubzang,ཙང་ཆུ་བཟང་།
1162,27.33099,89.50398,5,Tachogang Lhakhang,རྟ་མཆོག་སྒང་ལྷ་ཁང་།
1163,28.12015,86.16403,5,Labchi,ལ་ཕྱི།
1164,29.5197,103.3325,5,Emei Shan,གླང་ཆེན་འགྱིང་རི།
1165,35.82185,102.02000,5,Nangra,སྣང་ར་གསེར་ཁང་།
1166,35.897239,101.568054,5,Yershong,གཡེར་གཤོང་།
1169,25.9425,100.3975,5,Riwo Jakang,རི་བོ་བྱ་རྐང་།
1170,,,5,Pelge Samten Ling,དཔལ་དགེ་བསམ་གཏན་གླིན།
1171,33.41667,98.01667,5,Dza Gyelgon,རྫ་རྒྱལ་དགོན།
1172,32.247125,100.270488,5,Yarlung Pemako,ཡར་ལུང་པདྨ་བཀོད།
1173,31.31680,98.94567,5,Katok Shedra Norbu Lhunpo,ཀཿ་ཐོག་བཤད་གྲྭ་ནོར་བུ་ལྷུན་པོ།
1174,33.01667,98.15000,5,Mangge,མང་དགེ།
1175,,,5,Kumbum Monastery,
1176,,,5,Ne Chode,
1178,33.99533,102.07177,5,Beshing,བེ་ཤིང་།
1179,32.91966,101.72959,5,Tokden,རྟོགས་ལྡན།
1180,36.84459,102.16550,5,Mangdu,མང་འདུས།
1182,,,5,Gemang Ritro,དགེ་མང་རི་ཁྲོད།
1183,31.916606,98.813834,5,Mandal Gon,མཎྜལ་དགོན།
1184,29.21617,91.71075,5,Yarlung Sheldrak,ཡར་ཀླུངས་ཤེལ་བྲག།
1185,35.19399,102.50572,5,Gyelwa Sengge Ngaro Lhakhang,རྒྱལ་བ་སེང་གེའི་ང་རོའི་ལྷ་ཁང་།
1186,,,5,Lingto College,གླིང་སྟོད་གྲྭ་ཚང་།
1187,32.84455,97.14682,5,Benchen,བན་ཆེན།
1188,,,5,Sakar Samdrub Ling,ས་དཀར་བསམ་འགྲུབ་གླིང་།
1189,32.34979,97.16551,5,Ladro,གླ་གྲོ།
1190,44.597384,110.273608,2,Khamarin Khiid,
1191,,,5,Riwo Gegye Ganden Shedrubling,རི་བོ་དགེ་རྒྱས་དགའ་ལྡན་བཤད་སྒྲུབ་གླིང་།
1192,49.48,105.085,2,Amarbayasgalant,
1194,47.922385,106.895548,5,Kunga Choling,ཀུན་དགའ་ཆོས་གླིང་གྲྭ་ཚང་།
1195,47.922615,106.893545,5,Gyu Dratsang,རྒྱུད་གྲྭ་ཚང་།
1196,29.22846,91.78480,5,Nedong Tsetsokpa,སྣེ་གདོང་རྩེ་ཚོགས་པ།
1197,,,5,Chokhor Gang,
1198,,,5,Gyel Kartse Palace,ཕོ་གྲང་རྒྱལ་མཁར་རྩེ།
1199,32.26667,98.38333,5,Tarde,ཐར་བདེ།
1200,38.663012,105.799951,5,Baruun Khiid,
1201,40.792274,110.314185,5,Pekar Choling,པད་དཀར་ཆོས་གླིང་།
1203,,,5,Rinpungpa,རིན་སྤུངས་པ།
1204,47.201711,102.843129,2,Erdene Zuu,ཨེ་རྟེ་ནི་ཇོ་བོ་།
1205,,,5,Lhateng,ལྷ་སྟེང་དགོན་པ།
1206,,,5,Ganden Mamo,དགའ་ལྡན་མ་མོ།
1212,,,5,Dago Monastery,བརྡ་གོ།
1213,,,5,Zingpa Takgo,ཟིང་པ་སྟག་མགོ།
1215,,,5,Tashi Tse,བཀྲ་ཤིས་རྩེ་དགོན།
1216,32.23333,99.26667,5,Ringu,རི་མགུལ།
1217,,,5,Chakhyi Lhakhang,བྱ་ཁྱི་ལྷ་ཁང་།
1218,28.97897,91.51028,5,Chenye,སྤྱན་གཡས།
1219,31.61667,99.86667,5,Beri,བེ་རི།
1220,,,5,Labrang Shar,ས་སྐྱ་བླ་བྲང་ཤར།
1221,29.51725,92.73826,5,Lhamo Latso,ལྷ་མོའི་བླ་མཚོ།
1222,30.671993,81.451694,5,Manasarovar,མ་ཕམ་གཡུ་མཚོ།
1224,30.96667,100.20000,5,Nyarong Gojam Gon,ཉག་རོང་གོ་འབྱམས་དགོན།
1226,30.490146,100.096570,5,Chodrak Gon,ཆོས་གྲགས་དགོན།
1227,,,5,Namchen Drakkar,གནམ་ཆེན་བྲག་དཀར།
1229,29.674938,91.047730,5,Hardong Khamtsen,ཧར་གདོང་ཁམས་ཚན།
1230,29.63604,90.95711,5,Taklung Drak,སྟག་ལུང་བྲག།
1231,,,5,Ling Khamtsen,གླིང་ཁམས་ཚན།
1232,28.60000,85.25000,5,Drakkar Taso,བྲག་དཀར་རྟ་སོ།
1233,28.18543,91.24723,5,Tikchi,ཐིག་ཕྱི།
1234,,,5,Khachar,ཁྭ་ཆར།
1235,29.18282,83.95691,5,Tubchen Dargye Ling,ཐུབ་ཆེན་དར་རྒྱས་གླིང་།
1236,29.51754,90.82605,5,Druk Jangchub Choling,འབྲུག་བྱང་ཆུབ་ཆོས་གླིང་།
1237,28.81215,90.44607,5,Taklung Tarling Chode,སྟག་ལུང་ཐར་གླིང་ཆོས་སྡེ།
1238,31.920945,98.428499,5,Wonto,དབོན་སྟོད།
1240,,,5,Tanak Pu Monastery,རྟ་ནག་ཕུ་དགོན།
1241,,,5,Ya Nga Chamda Ganden Khacho Ling Nunnery,ཡ་ང་བྱ་མདའ་དགའ་ལྡན་མཁའ་སྤྱོད་གླིང་།
1242,31.58333,100.08334,5,Khangmar,ཁང་དམར།
1243,31.55000,99.15000,5,Khangmar,ཁང་དམར།
1244,,,5,Khemar Monastery,ཁས་དམར་དགོན།
1245,31.68485,98.94665,5,Pema Shelpuk,པདྨ་ཤེལ་ཕུག།
1246,29.69787,91.13246,5,Ara Khamtsen,ཨ་ར་ཁམས་མཚན།
1247,30.01807,90.71814,5,Chimilung,ཕྱིར་མིག་ལུང་དགོན།
1248,35.6309926,102.0222575,5,Shadrang,ཤ་སྦྲང་།
1249,31.59165,99.10904,5,Changlung,ལྕང་ལུང་།
1250,32.51667,97.85000,5,Drentang,དྲན་ཐང་།
1251,28.29468,92.73174,5,Zangchen,ཟངས་ཆེན།
1254,,,5,Gyakhar Gar,རྒྱ་མཁར་སྒར།
1255,30.38333,101.11667,5,Dzogon,མཛོད་དགོན།
1256,27.0167583,91.4663466,5,Dungsam,གདུང་བསམ།
1257,27.336890,91.551411,5,Trashigang Dzong,བཀྲ་ཤིས་སྒང་ཛོང་།
1258,29.489742,94.498478,5,Kongpo Bonri,ཀོང་པོ་བོན་རི།
1259,,,5,Penyul Drosa,འཕན་ཡུལ་གྲོ་ས།
1261,30.50000,101.43333,5,Rashel,རྭ་ཤེལ།
1262,30.50000,101.43333,5,Belo Hermitage,བེ་ལོ་རི་ཁྲོད།
1263,30.86667,101.25000,5,Gyelpak,རྒྱལ་འཕགས།
1264,30.50000,101.43333,5,Kunub Monastery,སྐུ་ནུབ།
1265,,,5,Khyunggon Monastery,khyung dgon mi 'gyur rdo rje gling
1266,30.845815,77.149371,2,Menri,སྨན་རི།
1267,33.67397,103.23426,5,Khyangtsang,སྐྱང་ཚང་དགོན་པ་།
1268,,,5,Drati House,སྦྲ་ཏི་ཁང་ཚན།
1270,27.542676,89.625086,5,Dechenpuk,བདེ་ཆེན་ཕུག།
1271,,,5,Tarpeling,ཐར་པའི་གླིང་།
1272,30.7000,90.5500,5,Namtso,གནམ་མཚོ།
1273,,,5,Pomda Sangngak Dechen Monastery,སྤོམ་མདའ་གསང་སྔགས་བདེ་ཆེན་དགོན།
1274,37.28333,103.16666,5,Zhamar,ཞྭ་དམར།
1276,28.90000,88.01667,5,Nedruk Lhakhang,ས་སྐྱ་གནས་དྲུག་ལྷ་ཁང་།
1277,31.10000,100.30000,5,Zhiwa Gon,ཞི་བ་དགོན།
1278,28.587825,93.262851,5,Dakpa Shelri,དག་པ་ཤེལ་རི།
1279,,,5,Shabme Gomne,ཤབ་སྨད་སྒོམ་གནས།
1280,47.92165,106.89380,1,Ganden,དགའ་ལྡན།
1281,29.90276,91.22853,5,Drayab,བྲག་རྒྱབ།
1282,32.80302,101.85788,5,Drokge,འབྲོག་དགེ།
1283,34.055931,77.666616,3,Tikse,ཁྲིག་ཙེ།
1284,,,5,Dzato Changmai Monastery,རྫ་སྟོད་ལྕང་མའི་དགོན།
1285,,,5,Dongkar Dzong,གདོང་དཀར་རྫོང་།
1286,29.454492,90.182521,5,Zangri,བཟང་རི།
1287,27.5855,91.8572,2,Tawang,རྟ་དབང་།
1288,28.48500,92.29427,5,Kharteng,མཁར་སྟེང་།
1291,,,5,Khawa Lungri,ཁ་བ་ལུང་རི།
1292,28.03333,86.33334,5,Chuwar Monastery,ཆུ་དབར་དགོན།
1294,29.92658,91.60416,5,Lo Monastery,ལོ་དགོན།
1295,47.98255,106.9377167,5,Dambadarjaa Monastery,བསྟན་པ་དར་རྒྱས་གླིང་།
1296,,,5,Chungchen Peldzong,ཁྱུང་ཆེན་དཔལ་རྫོང་།
1297,,,5,Namtseding Monastery,གནམ་རྩེ་ལྡིང་།
1298,29.65194,91.13318,5,Surkhang Printery,ཟུར་ཁང་པར་ཁང་།
1299,,,5,Taktsang Monastery,སྟག་ཚང་དགོན།
1300,29.69677,91.13249,5,Zhungpa Khamtsen,གཞུང་པ་ཁམས་ཚན་།
1302,29.50000,94.61667,5,Demo,དེ་མོ།
1303,29.43087,91.00767,5,Gangri Tokar,གངས་རི་ཐོད་དཀར།
1305,33.50504,76.81025,5,Sani,ས་ནི།
1308,,,3,Karchung Doring,དཀར་ཆུང་རྡོ་རིང་།
1309,,,5,Shukchung,ཤུག་ཆུང་དགོན།
1311,,,5,Zambulung,ཟམ་བུ་ལུང་།
1312,32.116078,77.167735,5,Roerich House,གཟིམས་ཤག་རོ་རིག།
1313,32.33333,98.36667,5,Dzonggo,རྫོང་མགོ།
1315,29.69857,91.13258,5,Lhopa Khamtsen,ལྷོ་པ་ཁམས་ཚན།
1316,31.75000,100.40000,5,Khordong,འཁོར་གདོང་།
1317,29.54616,90.93771,5,Nyetang Mokchok,རྨོག་ལྕོག་རི་ཁྲོད།
1318,31.95000,100.26667,5,Zhichen Monastery,གཞི་ཆེན།
1320,32.51672,100.70115,5,Shukjung,ཤུགས་འབྱུང་།
1321,,,5,Baḥne Monastery,བཿ་གནས་བསམ་གཏན་བཤད་སྒྲུབ་བསཏ།
1322,29.45000,99.36667,5,Batang Drubgon,འབའ་ཐང་གྲུབ་དགོན།
1323,30.05000,101.96667,5,Do Dorje Drak,མདོ་རྡོ་རྗེ་བྲག།
1324,29.214911,92.105744,3,Lelung,སླེ་ལུང་།
1325,28.978275,90.749149,5,Yamdrok Lake,ཡར་འབྲོག་མཚོ།
1327,29.65146,91.13383,5,Nyarongsha School,ནང་རོང་ཤག།
1328,,,5,Kyitopa,སྐྱིད་སྟོད་པ།
1329,29.13333,88.71667,5,Chumik,ཆུ་མིག།
1330,29.91667,95.46667,5,Bakha,རྦ་ཁ།
1331,25.198,85.518,3,Otantapurī,ཨོ་ཏན་ཏ་པཱུ་རི།
1332,27.61640895,85.26406047,3,Yanglesho,ཡང་ལེ་ཤོད།
1333,27.57161,85.58393,4,Namo Buddha,སྟག་མོ་ལུས་སྦྱིན།
1334,36.331493,102.017741,5,Anja Ritro,ཨན་ཇ་རི་ཁྲོད།
1336,29.33975,89.3291,3,Pungpo Riwoche,གཙང་གི་ཕུང་པོ་རི་བོ་ཆེ།
1337,32.08333,98.40000,3,Khardo Monastery,མཁར་མདོ་དགོན།
1338,32.56698,96.15549,3,Kyodrak Monastery,སྐྱོ་བྲག་དགོན།
1339,31.85000,98.45000,3,Lhadrang Monastery,སྡེ་དགེ་ལྷ་འབྲང་དགོན།
1340,31.0238715,85.1739286,3,Mendong Monastery,སྨན་སྡོང་དགོན།
1341,32.48333,98.01667,3,Namgyel Ling,རྣམ་རྒྱལ་གླིང་དགོན།
1342,29.20000,100.11667,3,Pangpuk,སྤང་ཕུག་དགོན།
1343,29.47016,91.50906,3,Yamalung,གཡའ་མ་ལུང་།
1344,31.84806,99.11385,3,Yilhung Lhatso,ཡིད་ལྷུང་ལྷ་མཚོ།
1345,29.13808,91.81697,3,Yumbu Lagang,ཡུམ་བུ་བླ་སྒང་།
1346,31.70718,98.9831,3,Sengge Yumtso,སེང་གེ་གཡུ་མཚོ།
1347,29.32245,90.82569,3,Sinpo Ri Lhakhang,སྲིན་པོ་རི་ལྷ་ཁང་།
1348,29.324,91.50753,5,Hepo Ri,ཧེ་པོ་རི།
1349,31.80591,98.58243,3,Tashi Podrang,བཀྲ་ཤིས་ཕོ་བྲང་།
1350,28.27851,90.73196,3,Pemaling Lake,སྒྲུབ་མཚོ་པདམ་གླིང་།
1351,29.16005,91.74668,3,Gontang Bumpa,དགོན་ཐང་འབུམ་པ།
1353,27.304448,88.253807,3,Pemayangtse,པདམ་ཡང་རྩེ།
1354,27.315729,88.604740,3,Namgyal Institute of Tibetology,རྣམ་རྒྱལ་བོད་ཀྱི་ཤེས་རིག་ཉམས་ཞིབ་ཁང་།
1355,25.3255,87.2847,3,Vikramaśīla,བིཀྲམ་ལ་ཤཱི་ལ།
1356,29.368598,91.502651,3,Drakmar Drinzang,བྲག་དམར་མགྲིན་བཟང་།
1359,29.6538646,91.1122623,4,Draklha Lubuk,བྲག་ལྷ་ཀླུ་སྦུག།
1361,32.00000,99.48333,3,Shardza Hermitage,ཤར་རྫ་རི་ཁྲོད།
1362,32.78402,103.90570,3,Rinpung Monastery,རིན་སྤུངས་དགོན།
1364,,,3,Khyunglung Ngulkhar,ཁྱུང་ལུང་དངུལ་མཁར་དགོན།
1365,33.42878,103.36401,3,Dachen,མདའ་ཆེན་དགོན།
1368,32.81350,103.64088,3,Nateng,སྣ་སྟེང་དགོན།
1369,,,3,Gyarong Khamtsen,རྒྱལ་རོང་ཁམ་ཚེན།
1370,27.065915,88.472403,3,ITBCI,ཨཱིཊBCཨཱི།
1373,29.22890,91.33956,3,Dranang Jampa Ling,གྲ་ནང་བྱམས་པ་གླིང་།
1374,27.040737,88.257913,3,St. Joseph's School,
1380,33.1364361,98.1365361,3,Kilung,ཀི་ལུང་།
1387,,,3,Wosel Monastery,འོད་གསལ་དགོན།
1388,,,3,Tolung Tsendro,བཙན་གྲོ་དགོན།
1390,,,3,Zhok Gurmon,ཞོགས་གུར་སྨོན་དགོན།
1391,29.70000,88.70000,3,Ngonga Choding,མངོན་དགའ་ཆོས་སྡིང་།
1392,33.31504,95.19575,3,Tashi Lhapuk,བཀྲ་ཤིས་ལྷ་ཕུག།
1393,30.828334,96.691721,3,Chamdo Dolma Lhakhang,ཆབ་མདོ་སྒྲོལ་མ་ལྷ་ཁང་།
1394,32.0895381,78.2125954,3,Dangkhar,བྲག་མཁར།
1395,55.289916,-3.1876593,3,Samye Ling,བསམ་ཡས་གླིང་།
1396,27.7025,88.146667,3,Kanchendzonga,གང་ཆེན་མཛོད་ལྔ།
1397,-7.608,110.204,3,Borobudur,
1398,34.005278,77.820278,3,Daktok,བྲག་ཐོག།
1399,29.763012,91.65875,3,Gyama Rinchen Gang,རྒྱ་མ་རིན་ཆེན་སྒང་།
1400,28.96667,89.18333,3,Riwo Dangchen,རི་བོ་མདངས་ཅན།
1401,,,3,Kam Monastery,སྐམ་དགོན།
1402,30.3825849,90.5756306,3,Nyenchen Tanglha,གཉན་ཆེན་ཐང་ལྷ།
1403,31.65000,100.16666,3,Ridak,རི་བྲག།
1404,32.029651,98.683675,3,Galenteng,སྒ་ལེན་སྟེང་།
1405,33.999298,77.630965,3,Matho,མང་སྤྲོ་དགོན་པ།
1406,34.1255,77.5263,3,Spituk,དཔེ་ཐུབ་དགའ་ལྡན་དར་རྒྱས་གླིང་དགོན་པ།
1407,34.07301,77.54865,3,Stok Royal Palace,
1408,34.6316817,77.625252,3,Samstanling,སམ་བསྟན་གླིང་དགོན་པ།
1409,29.6750704,91.0472662,3,Petub Khamsten,དཔེ་ཐུབ་ཁམས་ཚན།
1410,25.381421,83.023027,3,Mulagandhakuti Vihara,
1411,34.106243,77.601904,3,Central Institute of Buddhist Studies,དབུ་གཞུང་ནང་པའི་རིག་གནས་གཙུག་ལག་སློབ་གཉེར།
1412,47.920878,106.900769,3,Pethub Stangey Choskhorling,དཔེ་ཐུབ་བསྟན་རྒྱས་ཆོས་འཁོར་གླིང་དགོན་པ།
1413,51.75843,107.20308,3,Ivolginsky Datsan,དགའ་ལྡན་བརྐྲ་ཤིས་ཆོས་འཁོར།
1414,32.2977,78.0120,3,Key,སྐྱིད།
1415,31.693798,99.701493,3,Bengen,བན་རྒན་དགོན།
1416,26.967033,88.274458,3,Sonada,བསམ་གྲུབ་དར་རྒྱས་ཆོས་གླིང་།
1417,34.541111,77.560278,3,Diskit,བདེ་སྐྱིད།
1418,34.673927,77.555113,3,Charasa,ལཆགས་ར་ས།
1419,34.775181,77.514915,3,Ensa,དབེན་ས།
1421,33.519261,76.988219,3,Stongdey,སྟོང་སྡེའི་དགོན་པ་དགའ་ལྡན་ལེགས་བཤད་གླིང་།
1422,33.266249,77.182895,3,Phugtal,ཕུག་དལ་དགོན།
1423,33.532911,76.905081,3,Karsha,དཀར་ཤ་དགོན་པ།
1426,34.09412,102.63303,3,Kirti,ཀིརྟི།
1428,36.116817,101.747344,3,Achung Namdzong,ཨ་ཆུང་གནམ་རྫོང་།
1429,29.46667,101.53333,3,Gangkar Monastery,གངས་དཀར་སྒྲུབ་སྡེ།
1430,31.55556,99.10727,3,Dagam Wangpuk,ཟླ་གམ་དབང་ཕུག།
1431,31.23333,101.51667,3,Mahā Kyilung,མ་ཧཱ་སྐྱིད་ལུང་།
1432,31.86911,102.46491,3,Gyelrong Kachok,རྒྱལ་རོང་ཁཿ་མཆོག་དགོན།
1433,,,3,Minyak Kyernang,མི་ཉག་སྐེར་ནང་།
1434,,,3,Kardza,དཀར་མཛའ།
1435,30.61667,101.40000,3,Lautang,ལའུ་ཐང་།
1436,,,3,Pema Ritro,པདམ་རི་ཁྲོད།
1437,,,3,Tabka,སྟབས་ཀ།
1439,,,3,Tangsak,ཐང་སག།
1442,40.014237,-105.2692512,3,Naropa University,
1443,46.8683584,-60.7521892,3,Gampo Abbey,
1445,44.30415729150496,-72.06970231300694,3,Karmé Chöling,
1447,40.0197518,-105.2781,3,Boulder Shambhala Center,
1448,40.7353776,-105.5419823,3,Shambhala Mountain Center,
1450,,,3,Mokchok,ལྷ་ཕུ་རྨོག་ལྕོག་རི་ཁྲོད།
1452,49.2176714,-122.9933815,3,Kagyu Kunchab Chiling,
1453,48.73648731357862,-123.50528464534717,3,Kunzang Dechen Osel Ling,ཀུན་བཟང་བདེ་ཆེན་འོད་གསལ་གླིང་།
1454,40.7824583,-73.975223,3,Kagyu Dzamling Kunchab,
1455,37.7728981,-122.4494078,3,Kagyu Droden Kunchab,
1456,20.914748,-156.379111,3,Karma Rimay O Sal Ling,
1457,45.5539912,-122.6116186,3,Kagyu Changchub Choling,
1458,35.6354784,-106.0411725,3,Kagyu Shenpen Kunchab,
1459,48.8288714,2.4149748,3,Kagyu Dzong,
1460,46.7554572,4.1397283,3,Kagyu Ling,ཌཤང་Kཨགྱུ་Lཨིང་།
1461,41.6105047,-73.9397941,3,Kagyu Thubten Chöling,
1462,32.0520169,76.69007,3,Sherabling,ཤེས་རབ་གླིང་།
1463,31.638161,98.492678,3,Sengchen Namdrak,སེང་ཆེན་གནམ་བྲག།
1464,31.722109,98.911893,3,Gagu Hermitage,གྭ་གུ་རི་ཁྲོད།
1465,29.3810174,91.5531475,3,Drakmar Keutsang,བྲག་དམར་ཀེའུ་ཚང་།
1466,31.835,98.53703,3,Drinyendong,འབྲི་གཉན་གདོང་།
1467,31.627639,98.539054,3,Sengchen Namdrak Monastery,སེང་ཆེན་གནམ་བྲག་དགོན།
1468,31.653735,98.601086,3,Tsarashab Hermitage,རྩྭ་ར་ཞབས།
1470,30.462202,78.067923,3,Birla House,སྦིར་ལ་ཧའོ་སི།
1471,32.2436354,76.31521,3,Chopra House,ཅོབ་ར་ཧའོ་སི།
1472,15.028783,75.005238,3,Drepung,འབྲས་སྤུངས།
1473,26.7547,89.578727,3,Buxa Chogar,ཐོས་བསམ་ཐར་འདོད་གླིང་།
1474,14.992605,75.004226,3,Tripa House,དགའ་ལྡ་ཁྲི་ཐོག་ཁང་།
1475,24.697224,84.990044,3,Ganden Pelgye Ling,དགའ་ལྡན་འཕེལ་རྒྱས་གླིང་།
1476,47.43655,8.802695,3,Chokhor Ling,ཆོས་འཁོར་གླིང་།
1477,14.991397,75.003104,2,Ganden,དགའ་ལྡན།
1479,40.761388,-75.037401,3,Labsum Shedrub Ling,བསླབ་གསུམ་བཤད་སྒྲུབ་གླིང་།
1480,,,3,Pombora Khamtsen,སྤོམ་འབོ་ར་ཁམས་ཚན།
1481,28.28333,98.90000,3,Ngopu Yangchen Puntsok Ling,སྔོ་ཕུ་ཡང་ཅན་ཕུན་ཚོགས་གླིང་།
1482,28.26667,99.20000,3,Bomrak Ganden Dondrub Ling,སྦོམ་རག་དགའ་ལྡན་དོན་གྲུབ་གླིང་།
1486,,,3,Adu Yakgo,ཨ་འདུས་ཡག་མགོ་དགོན།
1487,32.15700,102.20320,3,Datsang,ད་ཚང་དགོན།
1488,32.84673,97.14666,3,Damtok,འདམ་ཐོག་དགོན།
1489,,,3,Tridu Kelzang,ཁྲི་འདུ་སྐལ་བཟང་དགོན།
1490,,,3,Serjong,ཀུ་སེ་གསེར་ལྗོངས།
1491,32.33333,98.36667,3,Guzi,འགུ་ཟི་དགོན།
1492,29.95000,87.61667,3,Takmo Lingkha,སྟག་མོ་གླིང་ཁ།
1493,29.65000,89.06667,3,Baradrak Dondrubling,འབའ་ར་བྲག་དོན་གྲུབ་གླིང་།
1494,27.469397,83.275519,3,Lumbini,
1496,,,3,Dzinda Neseb,འཛིན་མདའ་གནས་གསེབ།
1497,,,3,Dzonyak Samdrub,མཛོ་ཉག་བསམ་གྲུབ།
1498,33.27071,97.04208,3,Tubten,ཐུབ་བསྟན་དགོན།
1499,33.27071,97.04208,3,Dzonggo,རྫོང་མགོ་དགོན།
1500,29.24530,91.68440,4,Jasa Lhakhang,བྱ་ས་ལྷ་ཁང་།
1502,27.299061,88.571637,4,Karma Chokhor Dechen Ling,ཀརྨ་ཆོས་འཁོར་བདེ་ཆེན་གླིང་།
1504,27.7240,85.3628,4,Ka-Nying Shedrub Ling,བཀའ་རྙིང་བཤད་སྒྲུབ་གླིང་།
1506,45.1502,5.4200,3,Karma Migyur Ling,ཀརྨ་མི་འགྱུར་གླིང་།
1507,44.99923431757808,1.0619622759695024,3,Dhagpo Kagyu Ling,དྭགས་པོ་བཀའ་བརྒྱུད་གླིང་།
1508,55.72257114785761,12.575202060981997,3,Buddhistisk Center København,
1509,42.07158564494678,-74.12081199897194,3,Karma Triyana Dharmachakra,
1510,32.07525167219152,76.62578133473546,3,Khampa Gar (Tashi Jong),ཁམས་པ་སྒར།
1511,32.2324,76.0707,3,Karma Drubgyu Thargay Ling,ཀརྨ་གྲུབ་བརྒྱུད་དར་རྒྱས་གླིང་།
1512,34.096553194484045,77.60197902352527,3,Karma Drupgyud Choeling,ཀརྨ་གྲུབ་བརྒྱུད་ཆོས་གླིང་།
1513,27.7151461,85.2907484,3,Shri Karma Raja Mahavihara,འཕགས་ཞིང་ཞྭ་དམར་དགོན་པ།
1515,,,3,Tawu Sangngak Chokdrub Ling,རྟའུ་གསང་སྔགས་མཆོག་གྲུབ་གླིང་།
1516,32.15487,95.85791,3,Lhalam,ལྷ་ལམ་དགོན།
1517,32.034287,95.798370,3,Lachab,བླ་ཁྱབ།
1518,28.53504,92.88560,3,Sang-ngak Choling,གསང་སྔགས་ཆོས་གླིང་།
1519,,,3,Drumpa,བྷྲུམ་པ།
1520,,,4,Taser,མཐའ་སེར།
1521,,,4,Ru Gonsar,རུ་དགོན་གསར།
1522,35.19405,102.50509,3,Gyuto Dratsang,རྒྱུད་སྟོད་གྲྭ་ཚང་གསང་ཆེན་རྡོ་རྗེ་གླིང་།
1523,35.19405,102.50509,3,Gyume Dratsang,བླ་བྲང་རྒྱུད་སྨད་གྲྭ་ཚང་།
1524,27.0074104,88.2464516,3,Ghum Yiga Choeling,ཡིད་དག་ཆོས་གླིང་།
1526,27.3666733,88.2300106,3,Dubdi,སྒྲུབ་སྡེ་གསང་སྔག་རྡོ་རྗེ་གདན།
1527,27.29705,88.21939,3,Sangngak Choling,གསང་སྔགས་ཆོས་གླིང་།
1528,27.2929894,88.3492435,3,Doling,རྡོ་གླིང་དགོན།
1529,27.3257701,88.3260082,3,Raong,ར་ལངས་ཀརྨ་རབ་བརྟན་གླིང་།
1530,32.239289,76.3250879,3,Men-tsee-khang,སྨན་རྩིས་ཁང་། རྡ་རམ་ས་ལ།
1532,,,3,Dranggyekha,འབྲང་རྒྱས་ཁ་དགོན།
1534,32.16336,95.62048,3,Tsangsar Namgon,གཙང་སར་རྣམ་མགོན།
1535,31.992329,95.954874,3,Gechak Monastery,གད་ཆགས་དགོན།
1536,32.062839,95.948496,3,Dzonggo Ling,རྫོང་མགོ་གླིང་།
1538,27.718043,85.27668,3,Tergar Ösel Ling,གཏེར་གར་འོད་གསལ་གླིང་།
1539,27.675333,85.324667,3,Hiranyavarna Mahavihar Gompa,
1541,29.7277353,90.573371,3,Pema Khyung Dzong,
1542,27.711070051765198,85.28913201164133,3,Benchen,བན་ཆེན་དགོན།
1543,32.22551696755245,76.3235461022714,3,Central Tibetan Administration,བཙན་བྱོལ་བོད་མིའི་སྒྲིག་འཛུགས།
1544,28.5887139,84.639508,3,Pema Choling,པདམ་ཆོས་གླིང་།
1545,,,3,Jekhar Chode Gon,བྱེ་མཁར་ཆོས་སྡེ་དགོན།
1546,28.366522833786107,85.38243636138796,3,Drapu Choling,གྲྭ་ཕུ་ཆོས་གླིང་།
1548,32.23544179994609,76.32685186258966,3,Tashi Choling,བཀྲ་ཤིས་ཆོས་གླིང་།
1549,27.42853036672919,88.91743863409499,3,Kagyu Gonsar,བཀའ་བརྒྱུད་དགོན་གསར།
1552,27.60592556300457,88.64577614510144,3,Chungtang,
1554,,,3,Jangchub Chokhor Ling,བྱང་ཆུབ་ཆོས་འཁོར་གླིང་།
1556,30.31667,101.56667,3,Drakkar,དྲག་དཀར།
1559,29.24086,91.78281,3,Ganden Chokhor Ling,དགའ་ལྡན་ཆོས་འཁོར་གླིང་།
1560,29.69414,91.05216,3,Lhalung Ritro,ལྷ་ལུང་རི་ཁྲོད།
1561,29.6505178,91.130693,3,Dakpo Drumpa,བྷྲུཾ་པ།
1568,,,3,Wara,ཝ་ར།
1570,33.266298,100.650865,3,Dogyu Tosam Ling,མདོ་རྒྱུད་ཐོས་བསམ་གླིང་།
1572,47.68919,-122.35825,3,"Sakya Monastery, Seattle",
1573,27.72324,85.36391,3,Tharlam,ཐར་ལམ།
1575,34.27671,77.11083,3,Rizong,རི་རྫོང་དགོན་པ།
1576,32.300,79.420,3,Tashigang,བཀྲ་ཤིས་སྒང་།
1578,33.265666,97.138201,3,Labu,ལ་བུ།
1579,37.03444,98.65384,3,Terlam,གཏེར་ལམ།
1580,,,3,Dome Chikyab,མདོ་སྨད་སྤྱི་ཁྱབ།
1583,,,3,Dekhar,བདེ་མཁར།
1585,12.4167292,75.9524895,3,Sera,སེ་ར།
1586,12.426704,75.985666,3,Tashi Lhunpo,བཀྲ་ཤིས་ལྷུན་པོ།
1587,34.0050394,77.6850079,3,Stakna,སྟག་སྣ་དགོན།
1588,33.3993843,76.9170509,3,Bardan,འབར་གདན་དགོན་པ།
1590,,,3,Dokhar,མདོ་མཁར།
1591,27.7214185,85.3616598,3,Jamchen Lhakhang,བྱམས་ཆེན་ལྷ་ཁང་།
1596,,,3,Namgyel Chode,རྣམ་རྒྱལ་ཆོས་སྡེ།
1597,31.8067885,98.5787642,3,Tangtong Gyelpo Lhakhang,ཐང་སྟོང་རྒྱལ་པོ་ལྷ་ཁང་།
1598,31.806864,98.579268,3,Shukden Lhakhang,གཤུགས་ལྡན་ལྷ་ཁང་།
1604,32.2613,96.229,3,Beru Lachen,བེ་རུ་བླ་ཆེན།
1605,33.1518,96.4439,3,Gar Gon,གར་དགོན།
1607,30.009722,122.385,3,Putou Shan,
1608,31.63637,99.98407,3,Kandze Shedrub Norbu Ling,དཀར་མཛེས་བཤད་སྒྲུབ་ནོར་བུ་གླིང་།
1609,30.242778,120.096667,3,Lingyin Temple,
1610,29.938,91.4626,3,Yarlung Tashi Chode,ཡར་ཀླུང་བཀྲ་ཤིས་ཆོས་སྡེ།
1611,30.379925,78.087988,3,Sakya Centre,རྩེ་ཆེན་བསྟན་འཕེལ་དགའ་ཚལ་བཤད་སྒྲུབ་ཆོས་།
1613,43.80213,3.23687,3,Lerab Ling,ལས་རབ་གླིང་།
1615,11.87070,77.23953,3,Dzogchen,
1617,29.12006,88.826708,3,Tartse Labrang,ཐར་རྩེ་བླ་བྲང་།
1619,29.1186273,88.8256996,3,Khangsar Labrang,ཁང་གསར་བླ་བྲང་།
1620,29.1189812,88.8247631,3,Luding Labrang,ཀླུ་སྡིངས་བླ་བྲང་།
1624,36.60,102.2059,3,Yutsa,གཡུ་ཚ་དགོན།
1625,,,3,Ditsa Parkhang,བཀྲ་ཤིས་ཆོས་སྡིངས་ཀྱི་པར་ཁང་།
1627,33.4028,96.4152,3,Pangshar,སྤན་ཤར་།
1630,31.60000,99.96667,3,Dontok,གདོང་ཐོག།
1631,32.93819,101.59311,3,Dhīpu,དྷཱི་ཕུ་དགོན།
1632,31.93333,99.21667,3,Yakdze,གཡག་ཟེ་དགོན།
1633,,,3,Khyungdrak,ཁྱུང་ལྟག།
1634,32.35000,99.01667,3,Tenpel,བསྟན་འཕེལ།
1636,33.01667,98.15000,3,Bumsar,འབུམ་གསར།
1637,37.050042,-121.810517,3,Pema Osel Ling,
1638,42.1822134,-122.6762977,3,Chagdud Dechen Ling,
1640,38.51611279061072,-123.15777264360703,3,Ati Ling,ཨ་ཐིས་དགོན།
1641,40.732444385285326,-123.06649550968343,3,Rigdzin Ling,རིག་འཛིན་གླིང་།
1643,,,3,Horkhang,ཧོར་ཁང་།
1645,,,3,Sarwahai,སར་བ་ཧའི་རི་ཁྲོད།
1649,31.31667,100.23333,3,Pelri,དཔལ་རི་དགོན།
1653,27.6657295,85.2913616,3,Chobar,
1656,39.08181527408655,-77.37951041509385,3,Kunzang Odsal Palyul Changchub Choling,ཀུན་བཟང་འོད་གསལ་དཔལ་ཡུལ་བྱང་ཆུབ་ཆོས་གླིང་།
1657,42.515682331501075,-75.79146196720237,3,Palyul Retreat Center,
1658,32.02686834114019,77.13985601456184,3,Dakpo Shedrubling,དྭགས་པོ་བཤད་སྒྲུབ་གླིང་།
1659,15.0286195,75.0031857,3,Drepung Gomang India,འབྲས་སྤུངས་སྒོ་མང་གྲྭ་ཚང་།
1660,32.88966,101.72959,3,Se Monastery,བསེ་དགོན།
1661,31.1050388,77.1979296,3,Takten Puntsok Choling,རྟག་བརྟན་ཕུན་ཚོགས་ཆོས་གླིང་།
1662,33.90766,76.829332,3,Lingshed,ལིང་ཤེད།
1664,37.8763185,-122.2568344,3,Nyingma Institute,
1665,40.7381318,-73.9939507,3,Yeshe Nyingpo,
1666,34.7827308,-112.294823,3,Garchen Buddhist Institute,
1667,42.412738650722375,-74.04110883781743,3,Orgyen Chö Dzong,
1668,40.758314758045984,-74.25707022561053,3,Tibet Center,
1670,37.2034983,-122.1174708,3,Vajrapani Institute,
1673,30.33333,99.35000,3,Jangkar Monastery,བྱང་དཀར་དགོན།
1674,,,3,Yaso Monastery,ཡ་སོ་དགོན།
1676,30.78333,101.75000,3,Nego Monastery,གནས་འགོ་དགོན།
1678,32.23270138564236,76.32437117746481,3,Tekchen Choling Tsuklagkhang,ཐེག་ཆེན་ཆོས་གླིང་གཙུག་ལག་ཁང་།
1679,47.92756404870588,106.92073539191783,3,Dashchoilin Khiid,བཀྲ་ཤིས་ཆོས་འཁོར་གླིང་།
1681,46.288137,44.223989,3,Geden Sheddup Choikorling,དགའ་ལྡན་བཤད་སྒྲུབ་ཆོས་འཁོར་གླིང་།
1682,51.78455976904634,107.60993279629709,3,Green Tara Center,
1683,55.77942441392237,37.67597452432419,3,Moscow Buddhist Center Lama Tsongkhapa,
1685,27.7163106,88.5584527,3,Lachen Monastery,ལ་ཆེན་དགོན།
1686,27.8980611,88.5369794,3,Thangu Monastery,ཐང་སྒོ།
1687,31.70842,98.575296,3,Changra Palace,ལྕང་ར་ཕོ་བྲང་།
1688,40.722194,-73.993484,3,John Giorno Foundation,
1689,37.92223008640857,-105.63826042815721,3,Tashi Gomang,བཀྲ་ཤིས་སྒོ་མང་།
1690,40.73982021,-73.99374337,3,Tibet House,ཨ་རི་བོད་ཁང་།
1691,42.96298904,-89.3522928,3,Deer Park Buddhist Center,
1692,27.186034075806823,88.67760977288424,3,Rinak,རི་ནག།
1694,28.22099,89.716454,3,Drumpa Monastery,གྲུམ་པ་དགོན།
1695,27.3286872,88.5861678,3,Kagyu Tsekchok Ling,བཀའ་བརྒྱུད་ཚེ་མཆོག་གླིང་།
1696,27.29897,88.627532,3,Papyuk,སྤ་པཡཧུག།
1697,,,3,Zhakdra Lhatse,བཞག་བྲ་ལྷ་རྩེ།
1698,31.91844,102.10675,3,Namgyelteng,རྣམ་རྒྱལ་སྟེང་།
1700,39.12328486742786,-86.48634237301124,3,Tibetan Mongolian Buddhist Cultural Center,
1701,32.45445,96.03696,3,Dilyak,དིལ་ཡག།
1703,36.13045,98.38606,3,Aten Tsamkhang,ཨ་བརྟན་མཚམས་ཁང་།
1704,,,3,Ke Mingyur Dorje Drak,ཁེ་མི་འགྱུར་རྡོ་རྗེ་བྲག།
1705,29.83333,99.81667,3,Kolri,ཁོལ་རི།
1706,,,3,Geri,དགེ་རི།
1707,25.3649618,83.0210108,3,CIHTS,
1708,31.86974,102.29194,3,Tsakho,ཚ་ཁོ།
1709,29.91667,89.48333,3,Zablung,ཟབ་ལུང་།
1710,,,3,Draklha Gampo,བྲག་ལྷ་མགོན་པོ།
1711,35.509293,99.800546,3,Drakkar Treldzong,བྲག་དཀར་སྤྲེལ་རྫོང་།
1712,,,3,Kuso Togyel,སྐུ་བསོ་ཐོག་རྒྱལ།
1713,32.76000,100.80000,3,Tashi Gomang,བཀྲ་ཤིས་སྒོ་མང་།
1714,27.03852,88.46143,3,Durpin Monastery,
1715,27.0117768,88.2503428,3,Ghoom Monastery,ཡིད་དགའ་ཆོས་གླིང་།
1716,19.2583605,84.2683417,3,Dundul Rabtenling,བདུད་འདུལ་རབ་བརྟན་གླིང་།
1717,31.633,76.8325975,3,Tso Pema Orgyen Heruka Nyingmapa Gompa,མཚོ་པདྨ་ཨོ་རྒྱན་ཧེ་རུ་ཀ་རྙིང་མ་པ་དགོན་པ།
1718,27.719875,85.3587013,3,Dudjom Gonpa,ཨོ་རྒྱན་མདོ་སྔགས་ཆོས་འཁོར་གླིང་།
1719,42.0513541,-122.6274705,3,Tashi Choling,
1720,45.0004687,1.0670669,3,Urgyen Samyé Chöling,
1722,27.0749841,88.4761992,3,Jangsa Gompa,བྱང་ས་དགོན་པ།
1724,29.45000,86.60000,3,Zangzang Lhadrak,ཟང་ཟང་ལྷ་བྲག།
1725,42.60940,-72.88362,3,Mahasiddha Nyingmapa Center,
1726,32.81000,100.28000,3,Kharnang Gongma,མཁར་ནང་གོང་མ།
1727,32.23247,76.32441,3,Namgyel (Dharamsala),རྣམ་རྒྱལ།
1728,3.1259454,101.750407,3,Nyingma Kathok Buddhist Center,
1730,27.63253,85.26718,3,Dudjom Namdrol Choling,
1731,27.7260,85.3684,3,Zhichen Bairo Ling,
1733,47.67857,-117.42862,3,"Tsinta Mani Choling, Spokane",
1734,25.75063,-80.23306,3,Katog Tingdzin Ling,
1736,48.0770872,-117.1421115,3,Sravasti Abby,
1737,37.7657906,-122.2462643,3,Orgyen Dorje Den,
1738,30.3061955,-97.7259843,3,Palri Pema Od Ling,
1739,49.288562,-124.4599712,3,Kathok Center,
1742,1.3125166,103.8734065,3,Yeshe Khorlo Buddhist Society Singapore,
1743,31.03333,99.56667,3,Dokho Monastery,རྡོ་ཁོ་དགོན།
1744,42.506265,-72.7066957,3,Tsegyalgar East,
1747,31.31667,100.23333,3,Drukto,དྲུག་སྟོད་དགོན།
1748,30.9424593,99.6057897,3,Yachen Gar,ཡ་ཆེན་སྒར།
1750,,,3,Labrang Tantric College,བླ་བྲང་བཀྲ་ཤིས་འཁྱིལ་རྒྱུད་པ་གྲྭ་ཚང་།
1752,32.58333,98.88333,3,Gotsa,མགོ་ཚ།
1753,,,3,Danyin Khala Ronggo,ཟླ་ཉིན་ཁ་ལ་རོང་སྒོ།
1755,28.1226615,-16.7700745,3,Dzamling Gar,
1756,42.8485056,11.5424543,3,Merigar,
1761,32.92582,102.62011,3,Mewa Monastery,རྨེ་བ།
1762,33.86000,99.66000,3,Lung-ngon Monastery,ལུང་སྔོན་དགོན།
1766,29.51667,89.58334,3,Go-ngon,གོས་སྔོན།
